Artikelnummer;Bezeichnung;Länge (cm);Breite (cm);Höhe (cm);Gewicht (kg);Verpackung (Id);Stück (pro Verpackung)
722082;NIET DIN 7337-A4,8X23-ST-ZN-NI;1.24;0.84;0.97;0.003;12;144000
722083;NIET DIN 7337-A4,8X23-AL;1.24;0.84;0.97;0.001;12;144000
30290;STOPFEN D 20;1.24;0.84;0.97;0.002;12;100000
124739;STOPFEN D=20 LICO;1.24;0.84;0.97;0.002;12;100000
730051;NIET 5X31,5 GAV - SCHWARZ;1.24;0.84;0.97;0.004;12;96000
30300;STOPFEN 20/24;1.24;0.84;0.97;0.003;12;72000
124243;AUFKL. PERI-UP STIEL 100X162;1.24;0.84;0.97;0.01;12;64000
780302;NIET DIN 7337-B5,0X25-AL;1.24;0.84;0.97;0.006;12;64000
108618;ROHRNIET 22X1X20 MM;1.24;0.84;0.97;0.013;12;50000
30320;STOPFEN D=25 F.TRS;1.24;0.84;0.97;0.004;12;40000
110047;ROHRNIET 25,6X0,8X22,5 MM;1.24;0.84;0.97;0.013;12;30000
710702;HAMMERKOPF-SCHR. M14X75/87 VZ.;1.24;0.84;0.97;0.096;12;14000
31639;SK DICHTUNGSDECKEL UNI DW15;1.24;0.84;0.97;0.005;12;13200
123601;BOERDELHUELSE MX SHERA.;1.24;0.84;0.97;0.053;12;13000
767032;ECKBLECH-2;1.24;0.84;0.5;0.036;16;10000
100109;KEIL, ROH;1.24;0.84;0.97;0.15;12;10000
727395;KANTENSCHUTZWINKEL UNSORTIERT;1.24;0.84;0.97;0.05;12;10000
750134;KUNSTSTOFF-ECKEINSATZ DW 20;1.24;0.84;0.97;0.03;12;4000
750135;KUNSTSTOFFEINSATZ DW 20;1.24;0.84;0.97;0.031;12;4000
780411;FÜHRUNG BD3X60X195 KREUZKOPF;1.24;0.84;0.97;0.281;12;4000
114615;HORIZONTALRIEGELKOPF UDI;1.24;0.84;0.97;0.374;12;3500
31636;DK DICHTUNGSKONUS DW 15/55;1.24;0.84;0.97;0.063;12;2600
107034;ROSETTE STAHL O.NF-KZ;1.24;0.84;0.97;0.527;12;2600
30130;NOCKENMUTTER DW 15, VERZ.;1.24;0.84;0.5;0.318;16;2500
30840;GEWINDEPLATTE   DW15;1.24;0.84;0.97;0.516;12;2500
100001;ROSETTE STAHL;1.24;0.84;0.97;0.526;12;2500
108556;ANKERTASCHE -STAHL-;1.24;0.84;0.97;0.322;12;2500
111999;AUFSTIEGSROHR VR30X2,5X260 HFT;1.24;0.84;0.97;0.507;12;2500
727299;ANTI-RUTSCHMATTE 100X200X08 MM;1.24;0.84;0.97;0.14;12;2400
750585;KEIL FUER HAKENBUEGEL;1.24;0.84;0.97;0.532;12;2200
710465;K ANKERKONUS DW 15;1.24;0.84;0.97;0.062;12;2000
20620;DISTANZIERUNG F. BR;1.24;0.84;0.5;0.561;16;2000
101959;EINSETZBLECH;1.24;0.84;0.5;0.089;16;2000
105400;BOLZEN 20X140, VERZ.;1.24;0.84;0.5;0.33;16;2000
118260;KUGELMUTTER RD16 VERZ;1.24;0.84;0.97;0.686;12;2000
727035;PP-GEWEBESÄCKE WEISS 50X75CM;1.24;0.84;0.97;0.08;12;2000
57021;HV-GARNITUR M 20X 75-10.9;1.24;0.84;0.97;0.37;7;2000
115673;SCHIEBER-2 HFT;1.24;0.84;0.97;0.367;12;1800
29470;EINHAENGERING M24 - VERZ -;1.24;0.84;0.97;0.723;12;1730
100245;BODENPLATTE MIT Ü-KZ/NF-KZ;1.24;0.84;0.97;0.927;12;1600
117471;GRIFF RS ROH;1.24;0.84;0.97;0.467;12;1600
30100;FLUEGELMUTTER DW 15, VERZ.;1.24;0.84;0.5;0.438;16;1500
30110;MUTTERNPLATTE DW 15, VERZ.;1.24;0.84;0.97;0.799;12;1500
30860;GEWINDEPLATTE   DW20;1.24;0.84;0.97;0.801;12;1500
110022;DISTANZIERUNG M20-82;1.24;0.84;0.5;0.493;16;1500
118347;GRIFF 4 MM VZ;1.24;0.84;0.97;0.366;12;1500
30005;SPANNSTAHL 0.50 MTR DW 15;1.24;0.84;0.5;0.72;16;1400
116870;AUFSTOCKSTREBE L=231;1.24;0.84;0.97;0.568;12;1400
104412;GELAENDERHALTER UPW;1.24;0.84;0.97;0.719;12;1300
30990;FLUEGELMUTTER DW 20, VERZ.;1.24;0.84;0.97;0.786;12;1260
710466;K ANKERKONUS DW 20;1.24;0.84;0.97;0.114;12;1250
102605;BELAGKLAMMER UED;1.24;0.84;0.97;0.42;12;1200
100301;VERBINDER ULT 32;1.24;0.84;0.97;1.02;12;1200
110510;ENDPLATTE MP MIT  Ü-KZ/ZUL-NR.;1.24;0.84;0.97;0.488;12;1200
124936;DOPPELHAKEN VZ;1.24;0.84;0.97;1.07;12;1200
24240;KEIL ZUGFEST KZ;1.24;0.84;0.97;0.805;12;1000
101731;RIEGELAUFNAHME UHA;1.24;0.84;0.97;0.841;12;1000
17020;NORMKUPPLUNG NK 48/48, VERZ.;1.24;0.84;0.97;1.12;12;1000
30870;GEWINDEPLATTE   DW26;1.24;0.84;0.97;1.24;12;1000
114158;SCHRAUBKONUS-2  M 24/DW20 VZ;1.24;0.84;0.97;1.03;12;1000
110023;DISTANZIERUNG M24-82;1.24;0.84;0.5;0.91;16;1000
30150;ANKERSTAB B15 - L=0,30 MTR.;1.24;0.84;0.5;0.42;16;1000
123718;DISTANZSCHLOSS UNO;1.2;0.8;0.8;0.499;14;1000
124000;DECKENSCHLOSS UNO;1.2;0.8;0.8;0.463;14;1000
24880;HAKENBRIDE HB  F. VT, VERZ.;1.2;0.8;0.8;0.522;14;1000
115543;L-WINKEL 65X120;1.24;0.84;0.5;0.248;16;1000
105881;ANSCHLUSS -C-, KOMPLETT;1.24;0.84;0.97;1.08;12;1000
105874;ANSCHLUSS -D-, KOMPLETT;1.24;0.84;0.97;1.08;12;1000
715494;BOLZEN F.RS 1000           HFT;1.24;0.84;0.5;0.535;16;1000
710473;PLATTE FL 140X10X140;1.24;0.84;0.97;1.37;12;1000
17010;DREHKUPPLUNG DK 48/48, VERZ.;1.24;0.84;0.97;1.4;12;900
24630;FIXBRIDE U 100-120, VERZ.;1.24;0.84;0.97;0.742;12;900
24600;TRAEGERPRATZE HB;1.2;0.8;0.8;0.907;14;900
112671;ROHR M. ZAPFEN;1.24;0.84;0.97;1.5;12;900
30010;SPANNSTAHL 0.85 MTR DW 15;1.24;0.84;0.5;1.22;16;800
30480;SPANNSTAHL 1.00 MTR DW 15;1.24;0.84;0.5;1.44;16;800
30640;SPANNSTAHL 0.50 MTR DW 20;1.24;0.84;0.5;1.28;16;800
100863;SPINDELSICHERUNG UJS;1.24;0.84;0.97;1.03;12;800
117743;SPINDELSICHERUNG UJS PLUS;1.24;0.84;0.97;0.798;12;800
751544;HAKENBUEGEL 8;1.24;0.84;0.97;1.38;12;800
61038;ABDECKLEISTE  SAL  37,5;1.24;0.84;0.97;0.427;12;760
31300;ANSCHWEISSANKER DW 15;1.24;0.84;0.97;1.35;12;750
103845;HAKENBRIDE UNIVERSAL HBU 24-28;1.24;0.84;0.97;0.893;12;720
104931;HAKENBRIDE UNIVERSAL HBU 20-24;1.24;0.84;0.97;0.865;12;720
100908;ZUGKUPPLUNG   1 1/2 ZOLL;1.24;0.84;0.97;1.4;12;700
21640;RIEGELBOLZEN, VERZ.;1.24;0.84;0.5;1.26;16;700
17000;DREHKUPPLUNG DK 60/48, VERZ.;1.24;0.84;0.97;1.54;12;700
117169;RICHTSTUETZENANSCHLUSS LIWA;1.24;0.84;0.97;1.52;12;700
109532;SEITENBLECH BL 8;1.24;0.84;0.97;1.77;12;700
101288;U-PROFIL 118/25;1.24;0.84;0.97;1.99;12;650
710467;K ANKERKONUS DW 26;1.24;0.84;0.97;0.23;12;630
31220;KLETTERKONUS-2  M 24/DW15 VZ;1.24;0.84;0.5;1.01;16;624
100750;DISTANZHALTER UEC 10;1.24;0.84;0.97;1.3;12;600
114613;HORIZONTALRIEGEL UH  25 PLUS;1.24;0.84;0.97;1.43;12;600
109764;UH-ZAPFEN;1.24;0.84;0.97;1.22;12;600
110793;RIEGELAUFNAHME UHA HALB;1.24;0.84;0.97;1.09;12;600
30370;MUTTERGELENKPLATTE DW 15, VERZ;1.24;0.84;0.97;1.66;13;600
100244;FUSSPLATTE UJP;1.24;0.84;0.97;1.23;12;600
109910;STUETZKOPF    GFH;1.24;0.84;0.97;0.845;12;600
115959;AUFLAGE UC 25;1.24;0.84;0.97;1.15;12;600
105824;KUPPLUNGSANSCHLUSS FUER UH;1.24;0.84;0.97;1.26;12;600
118100;STAPELHILFE MX FLAT;1.24;0.84;0.97;0.653;12;600
111671;P217 QUERSTREBE L=686;1.24;0.84;0.97;1.5;12;600
116900;ANKERSTREBE 60;1.24;0.84;0.97;2.6;12;550
61024;ABDECKLEISTE  SAL  50;1.24;0.84;0.97;0.561;12;532
110055;QUERBUEGEL, VERZ.;1.24;0.84;0.5;0.861;16;500
66100;DOMINO-ECKARRETIERUNG 90GR.DEA;1.24;0.84;0.97;1.47;12;500
30645;SPANNSTAHL 0.50 MTR DW 26;1.24;0.84;0.05;2.24;16;500
37530;QUATTRO-RICHTST.-ANSCHLUSS QR;1.24;0.84;0.5;1.14;16;500
27299;GERUESTROHRANSCHLUSS MG - B/D;1.24;0.84;0.97;1.93;12;500
30490;SPANNSTAHL 1.20 MTR DW 15;1.3;0.9;0.85;1.73;24;500
30170;SPANNSTAHL 1.50 MTR DW 15;1.6;0.9;0.85;2.16;24;500
30020;SPANNSTAHL 1.70 MTR DW 15;1.8;0.9;0.85;2.45;24;500
30180;SPANNSTAHL 2.00 MTR DW 15;2.1;0.9;0.85;2.88;24;500
124341;EINHAENGEANKER UNO;1.24;0.84;0.97;1.12;12;500
117905;ABSCHALRIEGEL UNO  80-180;1.2;0.8;0.8;1.38;14;500
710110;GRUNDPLATTE 155X10X240 KK-S;1.24;0.84;0.97;2.78;12;500
66086;DOMINO-ANKERHALTER      DAH;1.24;0.84;0.97;1.11;12;500
30060;VERANKERUNGSSCHLAUFE   15;1.24;0.84;0.97;2.13;12;490
112385;ANKERPLATTE M. MUTTER KPL;1.24;0.84;0.97;2.32;12;490
22030;SPANNERWELLE SW VERZ.;1.24;0.84;0.5;2.17;16;480
117495;BORDBLECH STAHL UPY  50 GALV.;1.24;0.84;0.97;0.927;12;460
110213;BORDBLECH STAHL UPY  50;1.24;0.84;0.97;0.927;12;460
124940;FUEHRUNGSTEIL GEP.;1.24;0.84;0.5;0.909;16;456
115962;AUFLAGE UC 37,5;1.24;0.84;0.97;1.48;12;450
100088;GERUESTHALTER UWT  45;1.24;0.84;0.97;1.92;12;450
30140;GEGENPL. 120X120X15  DW15;1.24;0.84;0.5;1.62;16;450
106000;FUSSPLATTE-2 F. RSS  KOMPLETT;1.2;0.8;0.8;1.82;14;450
111667;P218 LOCHSTREBE L=686;1.24;0.84;0.97;2.84;12;432
710273;STELLMUTTER TR 110, VERZ.;1.24;0.84;0.97;2.48;12;420
101596;BOHLENSICHERUNG UPD 60;1.24;0.84;0.97;1.5;12;400
110514;BORDBLECH STAHL UPY  75;1.24;0.84;0.97;1.44;12;400
110526;BORDBLECH STAHL UPY  72;1.24;0.84;0.97;1.38;12;400
117518;BORDBLECH STAHL UPY  75 GALV.;1.24;0.84;0.97;1.44;12;400
117938;BORDBLECH STAHL UPY  72 GALV.;1.24;0.84;0.97;1.38;12;400
28080;ANSCHLUSSPLATTE AV/RICHTST.;1.24;0.84;0.97;2.97;12;400
30641;SPANNSTAHL 1.00 MTR DW 20;1.24;0.84;0.5;2.56;16;400
110406;DOMINO-STIRNANKER-2     DSA;1.24;0.84;0.97;2.1;12;400
110059;RIEGELHALTER U100-U120;1.24;0.84;0.97;2.84;12;400
110084;GERUESTROHRHALTER RCS D=48;1.24;0.84;0.97;2.31;12;400
26230;ANKERHUELSE M 24;1.24;0.84;0.5;1.01;16;400
30710;SPANNSTAHL 2.50 MTR DW 15;2.6;0.9;0.85;3.6;25;400
61310;ABSPANNOESE SA0;1.24;0.84;0.5;0.996;16;400
118105;STAPELHILFE R MXA;1.24;0.84;0.97;0.7;12;400
118103;STAPELHILFE L MXA;1.24;0.84;0.97;0.701;12;400
116872;QUERSTREBE 75;1.24;0.84;0.97;1.88;12;400
116871;ANKERSTREBE 75;1.24;0.84;0.97;3.3;12;400
116084;GABELKOPF VZ;1.24;0.84;0.97;2.89;12;400
111666;RICHTSTUETZENSTREBE        HFT;1.24;0.84;0.97;1.99;12;400
61027;ABDECKLEISTE  SAL  75;1.24;0.84;0.97;0.849;12;380
61026;ABDECKLEISTE  SAL 150;1.7;1.23;1.12;1.69;15;360
727182;VERSANDKARTON 200X200X140 MM;1.24;0.84;0.97;0.219;12;360
114595;HORIZONTALRIEGEL UH  50 PLUS;1.24;0.84;0.97;2.08;12;350
115156;RIEGELDIAGONALE UBL 100/ 50;1.24;0.84;0.97;2.67;12;350
109563;KOPFSPINDELSICHERUNG UJH;1.24;0.84;0.97;1.46;12;350
23630;ANKERHALTER-2 AH, VERZINKT;1.24;0.84;0.97;2.08;12;350
30920;KLETTERKONUS-2  M 30/DW20 VZ;1.24;0.84;0.5;1.65;16;350
28660;KLAUENKOPF 16-20 S, VERZ.;1.24;0.84;0.97;1.04;12;350
22016;RICHTSTUETZENANSCHLUSS HDR;1.24;0.84;0.5;1.3;16;350
110477;SPINDELADAPTER SLS/RCS;1.24;0.84;0.97;3.99;12;340
61029;ABDECKLEISTE  SAL  75/27;1.24;0.84;0.97;0.996;12;340
30720;SPANNSTAHL 3.00 MTR DW 15;3.1;0.9;0.85;4.32;25;340
112386;MX GELENKMUTTER;1.24;0.84;0.97;2.58;12;330
117908;WANDSCHLOSS UNO;1.2;0.8;0.8;1.8;14;330
19940;DIAGONALSTAB ST 100;1.3;0.9;0.86;2.29;24;323
108162;LAGERKASTEN BR;1.24;0.84;0.97;1.61;12;320
61028;ABDECKLEISTE  SAL 150/27;1.7;1.2;0.98;1.99;15;320
18070;FUSSPLATTE LACK. PD8;1.24;0.84;0.97;1.77;12;320
118769;EINHAENGESCHRAUBE SCS M36;1.24;0.84;0.5;1.89;16;320
112210;ANSCHLUSS PRK LINKS,  GELB;1.24;0.84;0.97;2.03;12;320
100265;GELAENDERHOLM UPG 150;1.56;0.9;0.86;2.41;24;306
100266;GELAENDERHOLM UPG 200;2.06;0.9;0.86;3.22;25;306
100267;GELAENDERHOLM UPG 250;2.56;0.9;0.86;4.02;25;306
100268;GELAENDERHOLM UPG 300;3.06;0.9;0.86;4.82;25;306
116762;FUSSSPINDEL UJB 38-36/17;1.24;0.84;0.97;2.78;12;300
110792;RIEGELAUFN. UHA HALB M. ZAPFEN;1.24;0.84;0.97;1.88;12;300
57050;HAENGEROHR VARIO 53;1.24;0.84;0.97;4.45;12;300
23930;RIEGELANSCHLAG;1.24;0.84;0.97;4.1;12;300
107007;ZUGANKERANSCHLUSS CB;1.24;0.84;0.97;3.41;12;300
30730;SPANNSTAHL 3.50 MTR DW 15;3.6;0.9;0.85;5.04;25;300
118612;DREIKANTLEISTE LIWA L=3,0 M;3.05;0.9;0.86;1.16;27;300
101588;BOHLENRIEGEL UHL 72;1.24;0.84;0.97;2.3;12;280
111077;STUFE UAS L=665;1.24;0.84;0.97;1.05;12;273
117882;ANKER UNO 10;1.2;0.8;0.8;2.52;14;260
114124;HORIZONTALRIEGEL UH  72 PLUS;1.24;0.84;0.97;2.66;12;256
114629;HORIZONTALRIEGEL UH  75 PLUS;1.24;0.84;0.97;2.74;12;256
101576;BELAGRIEGELZAPFEN UES;1.24;0.84;0.97;2.68;12;250
100091;GERUESTHALTER UWT 110;1.24;0.84;0.97;4.68;12;250
28050;TRAEGERKOPFSTUECK 24, KOMPL.;1.24;0.84;0.97;4.55;12;250
30646;SPANNSTAHL 1.00 MTR DW 26;1.24;0.84;0.5;4.48;16;250
115623;ECKVERBINDER SRU VARIOKIT;1.24;0.84;0.97;5.06;12;250
30940;KLETTERKONUS-2  M 36/DW26 VZ;1.24;0.84;0.5;3.04;16;250
28670;KLAUENKOPF 16-20, VERZ.;1.24;0.84;0.97;0.936;12;250
100411;FUSSSPINDEL UJB 38-50/30;1.24;0.84;0.97;3.33;12;250
106859;SPINDEL 50 TR38X6,1 X 500;1.24;0.84;0.5;1.98;16;250
112672;ROHR M. ROSETTE;1.24;0.84;0.97;2.13;12;250
57087;AUSLEGER AV 81;1.24;0.84;0.97;3.72;12;250
722189;STIRNBLECH;1.24;0.84;0.5;3.23;16;250
21620;STELLSPINDEL 500, VERZ.;1.24;0.84;0.97;3.77;12;250
23660;KLEMMKOPF-2, VERZINKT KOMPLETT;1.24;0.84;0.97;3.31;12;240
51250;SPANNGURT L=5,70 M / 25 KN;1.24;0.84;0.97;2.79;12;240
110076;BORDBLECH STAHL UPY 104;1.24;0.84;0.97;2.04;12;230
117981;BORDBLECH STAHL UPY 100 GALV.;1.24;0.84;0.97;1.96;12;230
123597;BORDBLECH STAHL UPY 104 GALV.;1.24;0.84;0.97;2.04;12;230
110073;BORDBLECH STAHL UPY 100;1.24;0.84;0.97;1.96;12;230
110290;KANTHOLZADAPTER RCS 12/20;1.24;0.84;0.97;5.03;12;230
106802;SPINDELEINHEIT 623  RECHTS;1.24;0.84;0.97;5.78;12;230
106801;SPINDELEINHEIT 623  LINKS;1.24;0.84;0.97;5.78;12;230
102846;RIEGELDIAGONALE UBL 150/150;2.09;0.9;0.86;5.35;25;225
102862;RIEGELDIAGONALE UBL 200/150;2.4;0.9;0.86;6.25;25;225
104391;RIEGELDIAGONALE UBL 200/ 50;1.91;0.9;0.86;5.01;25;225
106613;RIEGELDIAGONALE UBL 104/100;1.45;0.9;0.86;3.62;24;225
107867;RIEGELDIAGONALE UBL 150/ 50;1.46;0.9;0.86;3.8;24;225
109034;RIEGELDIAGONALE UBL 175/200;2.59;0.9;0.86;6.75;25;225
115157;RIEGELDIAGONALE UBL 100/200;2.23;0.9;0.86;5.82;25;225
115513;RIEGELDIAGONALE UBL 100/150;1.78;0.9;0.86;4.65;24;225
100055;RIEGELDIAGONALE UBL 150/100;1.71;0.9;0.86;4.45;24;225
100057;RIEGELDIAGONALE UBL 150/200;2.46;0.9;0.86;6.39;25;225
100059;RIEGELDIAGONALE UBL 200/100;2.14;0.9;0.86;5.51;25;225
100063;RIEGELDIAGONALE UBL 250/100;2.6;0.9;0.86;6.65;25;225
65054;KANTHOLZ 57X80X600 MM, IMPRÄGN;1.2;0.8;0.95;1.75;8;220
101591;BOHLENRIEGEL UHL 104;1.24;0.84;0.97;3.16;12;210
100014;BASISSTIEL UVB 24;1.24;0.84;0.97;2.47;12;210
51120;BUEHNENBEFESTIGUNG CB 160;1.24;0.84;0.97;4.56;12;200
101671;PODESTBLECH UAB 30;1.24;0.84;0.97;1.98;12;200
101309;KOPFSTIEL UVH  50;1.24;0.84;0.97;2.51;12;200
110072;KLAPPRIEGEL UPK 75;1.24;0.84;0.97;4.05;12;200
100222;GELAENDERPFOSTEN UVP 100;1.24;0.84;0.97;4.46;12;200
101356;GERUESTTAFEL UEP;1.24;0.84;0.97;3.29;12;200
117176;TISCHKOPF OBERTEIL VD;1.24;0.84;0.97;3.11;12;200
123823;ADAPTER VST- SRU;1.24;0.84;0.97;4.16;12;200
18030;SPINDEL TR48X10 L=1160/800 VZ.;1.24;0.84;0.97;6.82;12;200
28880;KLAUENKOPF 24 L, VERZ.;1.24;0.84;0.97;1.54;12;200
28890;KLAUENKOPF 24 S, VERZ.;1.24;0.84;0.97;1.65;12;200
117535;GITTERADAPTER ECKE LPS;1.24;0.84;0.97;5.07;12;200
123900;GELENKMUTTER MX18;1.24;0.84;0.97;3.72;12;200
61046;RANDTRAEGER   SRT  75-2;1.24;0.84;0.97;2.72;12;200
61048;RANDTRAEGER   SRT  75/27-2;1.24;0.84;0.97;2.73;12;200
117343;FUSSPLATTE F. RS 210-1400;1.24;0.84;0.97;3.25;12;198
110044;SCHALHILFE    GFA;2.7;0.9;0.85;2.37;25;198
102861;RIEGELDIAGONALE UBL 250/150;2.77;0.9;0.86;7.27;25;195
117689;RIEGELDIAGONALE UBL 225/200;2.95;0.9;0.86;7.59;25;195
100061;RIEGELDIAGONALE UBL 200/200;2.77;0.9;0.86;7.16;25;195
70760;KRANLASCHE 24;1.24;0.84;0.97;4.65;12;182
100065;RIEGELDIAGONALE UBL 250/200;3.11;0.9;0.86;8.05;25;180
124360;SCHALUNGSSTIELAUFSATZ VGK 40;1.24;0.84;0.97;4.67;12;180
109198;TREPPENSTUFE UAR 100;1.24;0.84;0.97;7.39;12;170
115298;SPINDELSCHUH SLS/RCS M24;1.24;0.84;0.97;4.21;12;168
104762;RIEGELDIAGONALE UBL 300/ 50;2.91;0.9;0.86;7.5;25;165
104766;RIEGELDIAGONALE UBL 300/150;3.25;0.9;0.86;8.37;25;165
100067;RIEGELDIAGONALE UBL 300/100;3.03;0.9;0.86;7.84;25;165
100069;RIEGELDIAGONALE UBL 300/200;3.5;0.9;0.86;9.05;25;165
100810;GELAENDERHOLM UPG 400;4.06;0.9;0.86;9.07;25;165
100093;GERUESTHALTER UWT 140;1.46;0.9;0.86;5.87;24;162
102859;VERTIKALSTIEL UVR  50;1.24;0.84;0.97;3.08;12;162
102954;GERUESTHALTER UWT 220;2.28;0.9;0.86;9.05;25;162
102951;GERUESTHALTER UWT 170;1.85;0.9;0.86;7.06;24;162
118580;SPINDELANSCHLUSS SCS D26-21;1.24;0.84;0.97;5.5;12;160
111135;STELLEINHEIT SRU, INNEN;1.24;0.84;0.97;5.62;12;160
112159;GEGENGELAENDERHALTER VARIO;1.24;0.84;0.97;2.13;12;160
26412;GERUESTROHR 48,3X3,2X2000 VERZ;2;0.89;0.85;7.1;25;156
114632;HORIZONTALRIEGEL UH 100 PLUS;1.24;0.84;0.97;4.47;12;150
114635;HORIZONTALRIEGEL UH 104 PLUS;1.24;0.84;0.97;3.51;12;150
23500;TRIO-RICHTSCHLOSS BFD, VERZ.;1.24;0.84;0.97;4.35;12;150
100220;ROHR UV 165;1.97;0.9;0.86;7.08;25;150
51030;STELLEINHEIT CB, SCS;1.24;0.84;0.97;5.32;12;150
117696;HORIZONTALVERBINDER VST 37,5;1.24;0.84;0.5;2.13;16;150
111072;SCHUSSSPINDEL UJK 38-110/41;1.24;0.84;0.97;6.19;12;150
123559;RICHTSTUETZENANSCHLUSS UNO;1.2;0.8;0.8;2.83;14;150
123945;AUSRICHTSCHLOSS 80 UNO;1.2;0.8;0.8;2.64;14;150
107815;HORIZONTALDIAG. UBH 200/150;2.5;0.9;0.86;8.7;25;149
104356;HORIZONTALDIAG. UBH 250/200;3.17;0.9;0.86;11.3;25;149
106931;HORIZONTALDIAG. UBH 250/150;2.87;0.9;0.86;10.2;25;149
100042;HORIZONTALDIAG. UBH 150/150;2.06;0.9;0.86;7.35;25;149
100047;HORIZONTALDIAG. UBH 200/200;2.77;0.9;0.86;9.87;25;149
100031;BELAGRIEGEL UHD  72;1.24;0.84;0.97;4.22;12;145
65070;ABSCHALWINKEL AW;1.24;0.84;0.97;1.67;12;144
20600;SCHWERKRAFTKLINKE F.BR, KOMPL.;1.24;0.84;0.97;6.74;12;144
117325;PFOSTEN PP;1.24;0.84;0.97;4.27;12;144
61200;STUETZKOPF SSK;1.24;0.84;0.97;3.86;12;140
100159;GELENKFUSSSPINDEL UJS 38-80/50;1.24;0.84;0.97;4.86;12;140
19910;STAPELRAHMEN ST 100;1.34;1.12;1.99;6.82;1;140
100242;FUSSSPINDEL UJB 38-80/55;1.24;0.84;0.97;4.52;12;140
27520;DOPPELSPANNERWELLE DSW;1.24;0.84;0.5;7.03;16;138
115291;VERBANDSDIAGONALE UBS 200/150;2.55;0.89;0.86;7.05;25;135
100247;LAENGSDIAGONALE UBF 150/200;2.37;0.9;0.86;5.35;25;135
100253;LAENGSDIAGONALE UBF 200/200;2.71;0.9;0.86;6.03;25;135
100257;LAENGSDIAGONALE UBF 250/200;3.12;0.9;0.86;6.79;25;135
100261;LAENGSDIAGONALE UBF 300/200;3.5;0.9;0.86;7.62;25;135
117425;QUERANSCHLUSS VST;1.24;0.84;0.97;7.11;12;135
107801;VERBANDSDIAGONALE UBS 150/100;1.38;0.9;0.85;5.26;24;135
107810;VERBANDSDIAGONALE UBS 150/150;2.16;0.9;0.85;6.05;25;135
123592;VERBANDSDIAGONALE UBS 250/100;2.72;0.9;0.85;7.63;25;135
115504;VERBANDSDIAGONALE UBS 200/100;2.27;0.9;0.85;6.36;25;135
123580;VERBANDSDIAGONALE UBS 300/150;3.38;0.9;0.85;9.36;25;135
123584;VERBANDSDIAGONALE UBS 300/100;3.18;0.9;0.85;8.82;25;135
123588;VERBANDSDIAGONALE UBS 250/150;2.96;0.9;0.85;8.09;25;135
117320;AUSGLEICHSRIEGEL LIWA;1.24;0.84;0.97;4.88;12;130
26413;GERUESTROHR 48,3X3,2X3000 VERZ;3;0.89;0.85;10.65;25;130
111506;TISCHKOPF TK;1.24;0.84;0.97;6.89;12;128
104027;VARIOAUFSATZ 24 U120 KOMPL.;1.24;0.84;0.97;7.61;12;126
124455;KONSOLAUSLEGER VGK 50;1.24;0.84;0.98;2.72;12;126
117194;BASISSTIEL UVB 49;1.24;0.84;0.97;3.98;12;125
101592;GELAENDERPFOSTENHALTER TRIO;1.24;0.84;0.97;2.81;12;125
100051;HORIZONTALDIAG. UBH 300/150;3.29;0.9;0.86;11.8;25;122
102957;GERUESTHALTER UWT 270;2.83;0.9;0.86;11;25;122
101360;BELAGSPALTLEISTE UD 7/150;1.5;0.9;0.86;2.16;24;121
101372;BELAGSPALTLEISTE UD 7/200;2;0.9;0.86;2.78;25;121
101373;BELAGSPALTLEISTE UD 7/250;2.5;0.9;0.86;3.4;25;121
27890;KREUZKOPF 20/24 VERZ.;1.24;0.84;0.97;3.08;12;120
28680;KREUZKOPF 20-24 S, VERZ.;1.24;0.84;0.97;3.19;12;120
100711;KONSOLE UCB 36;1.24;0.84;0.97;3.86;12;120
112717;KONSOLABSTUETZUNG UCM;2.1;0.9;0.86;7;24;120
115168;VERSETZHAKEN MAXIMO 1,5 T;1.24;0.84;0.97;7.53;12;120
114997;ABSPANNSCHUH RCS DW15;1.24;0.84;0.97;7.16;12;120
100401;KONSOLABSTUETZUNG UCP 72/104;2.32;0.9;0.85;7.61;25;120
101621;ANKERLOESEPLATTE KPLT. SB-DW26;1.24;0.84;0.97;10.1;12;120
25740;ANSCHLUSS TRIO/SB-A,B,C;1.24;0.84;0.97;9.14;12;120
118622;STUETZKOPF RICHTUNGSWECH. SDSK;1.24;0.84;0.97;4.76;12;120
110015;QUERBALKENKOPF RCS/VARIO;1.24;0.84;0.97;10.4;12;120
118071;FALLKOPF UNO;1.2;0.8;0.8;4.1;14;120
110045;TRAVERSE      GFT;1.24;0.84;0.97;5.12;12;117
104853;SCHIENENAUFNAHME URF;1.24;0.84;0.97;8.19;12;112
114179;TREPPENSTUFE UAR 125;1.36;0.8;0.63;9.25;5;110
115350;ZUG-DRUCKSPREIZE MX;1.24;0.84;0.97;6.35;12;110
114638;HORIZONTALRIEGEL UH 125 PLUS;1.24;0.84;0.97;5.44;12;108
114641;HORIZONTALRIEGEL UH 150 PLUS;1.55;0.9;0.86;4.72;24;108
114645;HORIZONTALRIEGEL UH 200 PLUS;2.05;0.9;0.86;6.05;25;108
114648;HORIZONTALRIEGEL UH 250 PLUS;2.55;0.9;0.86;7.37;25;108
114651;HORIZONTALRIEGEL UH 300 PLUS;3.05;0.9;0.86;8.69;25;108
114654;HORIZONTALRIEGEL UH 400 PLUS;4.05;0.9;0.86;11.3;25;108
117032;HORIZONTALRIEGEL UH 175 PLUS;1.76;0.9;0.86;5.39;25;108
123483;HORIZONTALDIAG. UBH 300/200;3.55;0.9;0.86;12.7;25;108
116356;HORIZONTALRIEGEL UH 225 PLUS;2.3;0.9;0.86;6.71;25;108
100049;HORIZONTALDIAG. UBH 250/250;3.47;0.9;0.86;12.4;25;108
106624;KNOTENDIAGONALE UBK 250/150;2.97;0.9;0.86;8.54;25;105
112765;KNOTENDIAGONALE UBK 125/200;2.44;0.09;0.86;7.26;25;105
112926;KNOTENDIAGONALE UBK 100/200;2.32;0.9;0.86;6.99;25;105
115354;KNOTENDIAGONALE UBK 125/100;1.66;0.9;0.86;5.22;24;105
124170;KNOTENDIAGONALE UBK  75/200;1.33;0.9;0.86;6.78;25;105
106630;KNOTENDIAGONALE UBK 200/150;2.53;0.9;0.85;7.51;25;105
100969;KNOTENDIAGONALE UBK  72/200;2.23;0.9;0.85;6.75;24;105
100977;KNOTENDIAGONALE UBK 104/100;1.55;0.9;0.85;4.85;24;105
100840;KNOTENDIAGONALE UBK 104/200;2.37;0.9;0.85;7.03;24;105
100981;KNOTENDIAGONALE UBK 150/100;1.85;0.9;0.85;5.71;25;105
100973;KNOTENDIAGONALE UBK 150/150;2.18;0.9;0.85;6.58;25;105
100572;KNOTENDIAGONALE UBK 150/200;2.58;0.9;0.85;7.6;25;105
100985;KNOTENDIAGONALE UBK 200/100;2.27;0.9;0.85;6.79;25;105
100573;KNOTENDIAGONALE UBK 200/200;2.9;0.9;0.85;8.39;25;105
100989;KNOTENDIAGONALE UBK 250/100;2.72;0.9;0.85;7.94;25;105
100574;KNOTENDIAGONALE UBK 250/200;3.3;0.9;0.85;9.31;25;105
100993;KNOTENDIAGONALE UBK 300/100;3.2;0.9;0.85;9.13;25;105
100575;KNOTENDIAGONALE UBK 300/200;3.7;0.9;0.85;10.3;25;105
106969;KNOTENDIAGONALE UBK  72/100;1.36;0.9;0.85;4.37;24;105
727183;VERSANDKARTON 340X330X350 MM;1.24;0.84;0.97;0.681;12;105
114818;H-DIAGONALE UBH FLEX 100/100;1.36;0.9;0.86;4.58;24;104
114819;H-DIAGONALE UBH FLEX 250/100;2.64;0.9;0.86;8.35;25;104
114820;H-DIAGONALE UBH FLEX 200/100;2.19;0.9;0.86;7;25;104
114821;H-DIAGONALE UBH FLEX 150/100;1.77;0.9;0.86;5.72;24;104
114892;H-DIAGONALE UBH FLEX 300/100;3.12;0.9;0.86;9.73;25;104
114896;H-DIAGONALE UBH FLEX 250/ 75;2.56;0.9;0.86;8.12;25;104
114900;H-DIAGONALE UBH FLEX 300/ 75;3.05;0.9;0.86;9.54;25;104
114904;H-DIAGONALE UBH FLEX 125/125;1.75;0.9;0.86;5.62;24;104
114908;H-DIAGONALE UBH FLEX 150/125;1.9;0.9;0.86;6.16;25;104
114912;H-DIAGONALE UBH FLEX 150/150;2.07;0.9;0.86;6.65;25;104
114916;H-DIAGONALE UBH FLEX 200/200;2.77;0.9;0.86;8.73;25;104
114920;H-DIAGONALE UBH FLEX 250/200;3.15;0.9;0.86;9.83;25;104
114924;H-DIAGONALE UBH FLEX 300/200;3.55;0.9;0.86;11;25;104
114928;H-DIAGONALE UBH FLEX 250/250;3.49;0.9;0.86;10.8;25;104
114932;H-DIAGONALE UBH FLEX 300/250;3.86;0.9;0.86;11.9;25;104
114936;H-DIAGONALE UBH FLEX 300/300;4.19;0.9;0.86;12.9;25;104
114996;H-DIAGONALE UBH FLEX 250/125;2.74;0.9;0.86;8.64;25;104
124097;H-DIAGONALE UBH FLEX 200/150;2.46;0.9;0.86;7.77;25;104
124101;H-DIAGONALE UBH FLEX 250/150;2.86;0.9;0.86;8.99;25;104
124105;H-DIAGONALE UBH FLEX 300/150;3.34;0.9;0.86;10.3;25;104
118579;GELAENDERPFOSTEN SCS 150;1.5;0.9;0.86;6.28;26;104
66068;DOMINO-WD-AUSGL.   DWD  75/5;1.24;0.84;0.97;2.52;12;103
57026;KLEMMBOLZEN M36X1000 ACS-P;1.24;0.84;0.97;9.41;12;100
107152;DREIBEIN PEP ERGO;2.3;1.18;0.95;5.81;10;100
103607;LEITER UEL MIT HAKEN;2.15;0.8;1.72;3.45;5;100
101633;TRIO-VERSTELLKONSOLE;1.24;0.84;0.97;9.79;12;100
19790;GELENKKOPFSPINDEL TR 38-70/50;1.24;0.84;0.97;6.36;12;100
19950;KREUZKOPFSPINDEL TR 38-70/50;2.3;1.2;1.1;7.68;11;100
100580;KUPPLUNGSBELAGRIEGEL UHC 72;1.24;0.84;0.97;4.78;12;100
101290;GELAENDERHALTER GT24/VT20;1.24;0.84;0.97;5.67;12;100
108688;BPA D=125 ADAPTER TRIO;1.24;0.84;0.5;1.81;16;100
27296;KALOTTENFUSS MKF;1.24;0.84;0.97;6.22;12;100
104131;GELAENDERHALTER SRU/SRZ;1.24;0.84;0.97;3.94;12;100
112387;MX ANKER 20-30;1.2;0.8;0.8;4.17;14;100
103945;FTF SPINDELFUEHRUNG;1.24;0.84;0.5;1.87;16;100
110756;SPANNERWELLENKOPF SRU;1.24;0.84;0.97;7.98;12;100
107008;ZUGANKERANSCHLUSS WAND;1.24;0.84;0.5;4.1;16;100
112464;MX ANKER 30-40;1.2;0.8;0.8;4.44;14;100
113847;MX ANKER 15-25;1.2;0.8;0.8;4.04;14;100
123534;VERBANDSANSCHLUSS RCS DW15/M20;1.24;0.84;0.97;5.91;12;100
109208;ENDSTUFE UAE 100;1.24;0.84;0.97;5.61;12;100
105366;LGS-ELEMENTAUFSATZ URP;1.24;0.84;0.97;3.68;12;100
106626;HORIZ.RIEGEL M. LASCHE UHP 200;2;0.9;0.86;6.55;25;98
61260;GELAENDERPFOSTEN SGP;1.77;0.9;0.86;6.15;25;96
102617;HORIZONTALDIAG. UBH 300/250;3.86;0.9;0.86;13.8;25;95
100053;HORIZONTALDIAG. UBH 300/300;4.18;0.9;0.86;15;25;95
23460;PASSPLATTENAUFLAGE TPA 270;2.66;0.89;0.85;4.71;25;91
123694;BORDBLECH STAHL UPY 150 GALV.;1.58;0.9;0.85;3;22;90
123696;BORDBLECH STAHL UPY 200 GALV.;2.08;0.9;0.85;4.03;22;90
123698;BORDBLECH STAHL UPY 250 GALV.;2.57;0.6;0.6;5.06;1;90
123700;BORDBLECH STAHL UPY 300 GALV.;3.07;0.6;0.6;6.1;1;90
110160;BORDBLECH STAHL UPY 150;1.58;0.9;0.86;3;22;90
110176;BORDBLECH STAHL UPY 200;2.08;0.9;0.86;4.03;22;90
110208;BORDBLECH STAHL UPY 250;2.57;0.9;0.86;5.06;22;90
110211;BORDBLECH STAHL UPY 300;3.07;0.9;0.86;6.1;22;90
100039;BELAGRIEGEL UHD 104;1.24;0.84;0.97;5.77;12;90
116292;GELAENDERPFOSTEN HSGP-2;1.38;0.9;0.86;4.73;24;90
21710;RANDPROFIL  60, RECHTS;1.24;0.84;0.97;5.92;12;90
21720;RANDPROFIL  60, LINKS;1.24;0.84;0.97;5.92;12;90
124394;SCHALUNGSANSCHLUSS VGK 2;1.24;0.84;0.97;5.23;12;90
111631;FACHWERKRIEGEL RCS  69;1.24;0.84;0.97;10.1;12;90
727394;ANTI-RUTSCHMATTE 2450X200X08MM;1.24;0.84;0.97;6;12;90
115634;GELAENDERPFOSTEN HSGP (US);1.5;0.9;0.85;5.1;22;90
109503;WANDSCHUH RCS;1.2;0.8;0.8;7.43;14;88
100416;KUPPLUNGSDIAGONALE UBC 150/200;2.42;0.9;0.86;9.74;25;84
100419;KUPPLUNGSDIAGONALE UBC 200/200;2.8;0.9;0.86;11;25;84
100422;KUPPLUNGSDIAGONALE UBC 250/200;3.16;0.9;0.86;12.4;25;84
100425;KUPPLUNGSDIAGONALE UBC 300/200;3.6;0.9;0.86;13.9;25;84
100428;KUPPLUNGSDIAG.  UBC 72-104/200;1.96;0.9;0.86;8.04;24;84
100000;KOPFSTIEL UVH 100;1.24;0.84;0.97;4.61;12;81
101306;VERTIKALSTIEL UVR 100;1.24;0.84;0.97;5.38;12;81
124813;LEITERANSCHLUSS UAC-2;1.24;0.84;0.97;4.05;12;80
111035;SCHWERLASTSPINDEL SLS  40/ 80;1.24;0.84;0.97;11.9;12;80
100529;SCHIEBEREITER  ULB 50/70;1.24;0.84;0.97;5.26;12;80
124812;LEITERANSCHLUSS UAC-2 VZ;1.24;0.84;0.97;3.73;12;80
19780;FUSS-SPINDEL TR 38-70/50;1.2;0.8;0.8;5.15;14;80
114180;ENDSTUFE UAE 125;1.24;0.84;0.97;6.59;12;80
123545;ERSATZPROFIL GFP 200 (WEISS);2.05;0.9;0.85;2.82;25;80
57034;STUETZSPINDEL ACS;1.24;0.84;0.97;7.3;12;80
74920;PERI-TRÄGER VT-20K  290;290;110;87;17.11;1;80
74910;PERI-TRÄGER VT-20K  245;245;110;87;14.46;1;80
74930;PERI-TRÄGER VT-20K  330;330;110;87;19.47;1;80
74905;PERI-TRÄGER VT-20K  215;215;110;87;12.7;1;80
74950;PERI-TRÄGER VT-20K  390;390;110;87;23.01;1;80
74940;PERI-TRÄGER VT-20K  360;360;110;87;21.24;1;80
74890;PERI-TRÄGER VT-20K  265;265;110;87;15.64;1;80
74990;PERI-TRÄGER VT-20K  145;145;110;87;8.56;1;80
74970;PERI-TRÄGER VT-20K  490;490;110;87;28.91;1;80
74960;PERI-TRÄGER VT-20K  450;450;110;87;26.55;1;80
74980;PERI-TRÄGER VT-20K  590;590;110;87;34.81;1;80
66084;DOMINO-AUSGLEICHSRIEGEL DAR;124;84;97;8.51;12;80
104029;INDUSTRIEBELAG UDI 25X 50;1.24;0.84;0.97;4.09;12;78
124124;STAHLBELAG UDG 25X 50;1.24;0.84;0.97;3.81;12;78
101378;BELAGSPALTLEISTE UD 11/200;2;0.9;0.86;3.62;25;78
101394;BELAGSPALTLEISTE UD 11/150;1.5;0.9;0.86;2.8;24;78
61045;RANDTRAEGER   SRT 150-2;1.49;0.89;0.85;5.74;24;78
26651;DRUCKSTREBE FB 180-3;2.35;0.9;0.85;10.7;25;78
51040;ZAHNSTANGENLEISTE CB 240;2.38;0.9;0.86;8.44;24;77
23551;RIEGEL 85;1.24;0.84;0.97;8.52;12;75
61210;FALLKOPF   SFK;1.24;0.84;0.97;6.18;12;75
101375;BELAGSPALTLEISTE UD 7/300;3;0.9;0.86;4.02;25;72
108068;BORDBRETT HOLZ UPT-2 150;1.55;0.9;0.86;4.09;24;72
108114;BORDBRETT HOLZ UPT-2 200;2.05;0.9;0.86;5.16;25;72
108117;BORDBRETT HOLZ UPT-2 250;2.55;0.9;0.86;6.23;25;72
108120;BORDBRETT HOLZ UPT-2 300;3.05;0.9;0.86;7.3;25;72
108204;BORDBRETT HOLZ UPT-2 400;4.05;0.9;0.86;9.43;25;72
13020;VARIO KUPPLUNG VKZ 147;1.47;0.9;0.86;13.3;24;72
13030;VARIO KUPPLUNG VKZ 211;2.11;0.9;0.86;19.1;25;72
13210;GELENKKUPPLUNG GKZ 76/76;1.52;0.9;0.86;14.4;24;72
13220;GELENKKUPPLUNG GKZ 60/60;1.2;0.9;0.86;11.5;24;72
100235;KONSOLE UCB 32;1.24;0.84;0.97;5.01;12;72
100581;KUPPLUNGSBELAGRIEGEL UHC 104;1.24;0.84;0.97;6.33;12;72
26629;HORIZONTALSTAB;2.6;0.9;0.85;10;25;72
101273;VARIO BUEHNENSTREBE 167;186;90;85;7.78;26;72
123633;SKYDECK ABSPANNUNG KPL;1.24;0.84;0.97;12.3;12;70
118660;UNIZWINGE PUC;1.24;0.84;0.97;6.61;12;70
103737;UNIVERSALKUPPLUNG UK 70;1.24;0.84;0.97;10.8;12;69
108136;PERI-DICHTUNGSKLEBER-2/5KG-SET;1.24;0.84;0.97;5;12;66
117379;DIAGONALE VST 200/150;1.76;0.9;0.86;14.1;24;65
117382;DIAGONALE VST 200/100;1.33;0.9;0.86;10.9;24;65
117385;DIAGONALE VST 200/112,5;1.46;0.9;0.86;11.7;24;65
117388;DIAGONALE VST 200/62,5;1.24;0.84;0.97;8.91;12;65
117504;HORIZONTALDIAGONALE VST200/200;2.75;0.9;0.86;21.7;25;65
101579;STIRNSEITENGELAENDER UPX  32;1.24;0.84;0.97;3.91;12;65
124805;ENDELEMENT ULS 50 FLEX;1.24;0.84;0.97;9.2;12;65
123771;STAHLBELAG UDG 25X250;2.55;1;1.14;14.9;1;64
124109;STAHLBELAG UDG 25X200;2.05;1;1.14;12.2;1;64
124112;STAHLBELAG UDG 25X150;1.55;1;1.14;9.32;1;64
124118;STAHLBELAG UDG 25X100;1.05;1;1.14;6.55;1;64
112292;MAXIMO-ELEMENT MX  60X 30;1.2;1.23;1.12;16.3;4;64
115941;FACHWERKSTREBE MXP 270;3;0.9;0.85;11.1;23;64
100076;BELAGRIEGEL UHD 150;1.58;0.9;0.86;8.26;24;63
100079;BELAGRIEGEL UHD 200;2.08;0.9;0.86;11.6;25;63
100082;BELAGRIEGEL UHD 250;2.59;0.9;0.86;13.9;25;63
100085;BELAGRIEGEL UHD 300;3.08;0.9;0.86;16.3;25;63
61040;PASSHOLZ      SPH 225/27;2.25;0.89;0.85;4.62;25;63
61050;PASSHOLZ      SPH 150/27;1.5;0.89;0.85;3.08;25;63
26418;GERUESTROHR 48.3X3,2X6000 VERZ;6.11;0.44;0.39;21.6;1;61
26419;GERUESTROHR 48,3X3,2X5000 VERZ;5.12;0.44;0.39;17.75;1;61
115058;STAPELRUNGE MAXIMO;1.24;0.84;0.97;7.48;12;60
19040;GELAENDERPFOSTEN PD 8;1.4;0.89;0.85;6.48;24;60
28000;UNIVERSALDREIBEIN, VERZINKT;1.45;0.9;1.6;9.17;19;60
26628;STIRNPFOSTEN FBP;1.24;0.84;0.97;7.12;12;60
118583;BUEHNENTRAEGER SCS 112;1.2;1.25;0.85;15.1;5;60
22019;FUSSADAPTER HD;1.24;0.84;0.97;18.5;12;60
65045;SCHALZWINGE  55;1.24;0.84;0.97;5.05;12;60
65076;SCHALZWINGE  75;1.24;0.84;0.97;6.16;12;60
75600;PERI TRAEGER GT24 600;600;120;97;35.4;1;60
75390;PERI TRAEGER GT24 390;390;120;97;23;1;60
75360;PERI TRAEGER GT24 360;360;120;97;21.2;1;60
75420;PERI TRAEGER GT24 420;420;120;97;24.8;1;60
75300;PERI TRAEGER GT24 300;300;120;97;17.7;1;60
75450;PERI TRAEGER GT24 450;450;120;97;26.6;1;60
75480;PERI TRAEGER GT24 480;480;120;97;28.3;1;60
75330;PERI TRAEGER GT24 330;330;120;97;19.5;1;60
75540;PERI TRAEGER GT24 540;540;120;97;31.9;1;60
75270;PERI TRAEGER GT24 270;270;120;97;15.9;1;60
75240;PERI TRAEGER GT24 240;240;120;97;14.2;1;60
75510;PERI TRAEGER GT24 510;510;120;97;30.1;1;60
75210;PERI TRAEGER GT24 210;210;120;97;12.4;1;60
75570;PERI TRAEGER GT24 570;570;120;97;33.6;1;60
75120;PERI TRAEGER GT24 120;120;120;97;7.1;1;60
75150;PERI TRAEGER GT24 150;150;120;106;8.9;1;60
75100;PERI TRAEGER GT24  90;1.2;0.93;1.11;5.3;7;60
114699;HORIZONTALR. UHV-L 250 PLUS;2.55;0.9;0.86;12.7;25;57
114718;HORIZONTALR. UHV-L 300 PLUS;3.05;0.9;0.86;15.3;25;57
116855;VERTIKALSTIEL UVM 200;2.17;0.9;0.86;8.54;25;56
116857;VERTIKALSTIEL UVE 200;2.17;0.9;0.86;8.54;25;56
51210;GELAENDERSTIEL CB 190;2.16;0.9;0.86;19;25;56
61021;DREIECKSRAHMEN SDR 150/75;1.73;0.84;1.97;8.65;28;28
100003;KOPFSTIEL UVH 150;1.55;0.9;0.86;6.92;24;56
100005;KOPFSTIEL UVH 200;2.05;0.9;0.86;9.23;25;56
100007;KOPFSTIEL UVH 250;2.55;0.9;0.86;11.5;25;56
100009;VERTIKALSTIEL UVR 200;2.2;0.9;0.86;9.99;25;56
100012;VERTIKALSTIEL UVR 300;3.2;0.9;0.86;14.7;25;56
100013;VERTIKALSTIEL UVR 400;4.2;0.9;0.86;19.2;25;56
102860;VERTIKALSTIEL UVR 150;1.7;0.9;0.86;7.69;24;56
117195;KOPFSTIEL UVH 125;1.3;0.9;0.85;7.59;24;56
105334;LGS-ENDELEMENT URB 150;164;90;85;7.38;26;56
117367;WANDDICKENAUSGLEICH LIWA 150X5;1.5;0.9;0.86;7.14;24;55
108545;SPALTGELAENDER  UZG 25, VERZ.;1.24;0.84;0.97;5.97;12;55
124806;VERBINDER ULS FLEX;1.24;0.84;0.97;6.02;12;55
114681;HORIZONTALRIEGEL UHV 150 PLUS;1.55;0.9;0.86;11;24;54
114687;HORIZONTALRIEGEL UHV 200 PLUS;2.05;0.9;0.86;14.9;25;54
114691;HORIZONTALRIEGEL UHV 250 PLUS;2.55;0.9;0.86;18.1;25;54
114695;HORIZONTALRIEGEL UHV 300 PLUS;3.05;0.9;0.86;21.8;25;54
116477;BELAGTRAEGERAUFLAGE RCS;1.24;0.84;0.97;10.6;12;54
13010;VARIO KUPPLUNG VKZ  99;1.1;0.6;0.55;9;15;54
111509;SPANNBRIDE TK 36-40 / 20ST-SET;1.24;0.84;0.97;15.3;12;54
61049;PASSHOLZ      SPH 150;1.5;0.9;0.85;3.35;24;54
61036;PASSHOLZ      SPH 225;2.25;0.9;0.86;5.02;27;54
105394;FAHRWERKRIEGEL URL  72/14;1.22;0.9;0.86;13.5;24;52
23282;WANDDICKENAUSGL. WDA   120/5-2;1.2;0.9;0.86;7.61;24;52
124121;STAHLBELAG UDG 25X 75;1.24;0.84;0.97;5.19;12;52
105925;INDUSTRIEBELAG UDI 25X 75;1.24;0.84;0.97;5.52;12;52
111685;INDUSTRIEBELAG UDI 37,5X 50;1.24;0.84;0.97;5.11;12;52
21600;T-RIEGEL, LACKIERT;1.24;0.84;0.97;7.94;12;52
114191;WANDDICKENA.WDA MX 120 X 5;1.2;0.9;0.86;6.98;24;52
21680;RANDPROFIL 120, RECHTS;1.3;1.3;0.85;10.6;24;51
21700;RANDPROFIL 120, LINKS;1.3;1.3;0.85;10.6;24;51
51705;ANTRIEB MECHANISCH ACS / A-M;1.24;0.84;0.97;13.1;12;50
100470;LEITER UEL 200;2.1;0.77;1.1;3.42;5;50
108000;PODESTAUSSTEIFUNG UZB 150, VZ.;1.5;0.9;0.86;13.7;24;50
109879;LEITER UAF 200;2.2;0.8;1.1;3.82;5;50
101773;SCHWERLASTSPINDEL SLS  80/140;1.24;0.84;0.97;14.2;12;50
110483;KONSOLE UCM 50-2;1.24;0.84;0.97;4.48;12;50
112676;KONSOLE UCM 50 M. ZAPFEN;1.24;0.84;0.97;5.27;12;50
112690;KONSOLE UCM 50 M. HALBROSETTE;1.24;0.84;0.97;4.38;12;50
22002;RIEGELGELENK VERSTELLBAR, VERZ;1.24;0.84;0.97;18.5;12;50
24480;AUFSTOCKLASCHE 24-2 KOMPLETT;1.24;0.84;0.97;7.04;12;50
116081;GELENKKOPFSPINDEL-2 TR38-70/50;1.2;0.8;0.8;6.94;14;50
27310;MULTIPROP FUSS MP 50;1.24;0.84;0.97;8.9;12;50
66094;DOMINO-STAPELRUNGE DSR;1.24;0.84;0.97;7.98;12;50
115850;DECKENLAGER ADAPTER RCS;1.24;0.84;0.97;11.3;12;50
110315;EINHAENGERINGADAPTER RCS M30;1.24;0.84;0.97;11.1;12;50
110400;STELLEINHEIT SRU, AUSSEN;1.24;0.84;0.97;7.17;12;50
110569;KLETTERSCHIENEN GELENK RCS;1.24;0.84;0.97;16.7;12;50
114871;LEITER RFP 90;1.24;0.84;0.97;4.9;12;50
27289;MULTIPROP MP 250;1.6;1.02;1.12;15.4;1;49
27290;MULTIPROP MP 350;2.1;1.02;1.12;19.4;1;49
27291;MULTIPROP MP 480;2.75;1.02;1.12;24.8;1;49
27305;MULTIPROP MP 625;4.5;1.02;1.12;34.6;1;49
110238;WANDHALTER    GFW;1.65;0.9;0.85;4.88;24;49
124371;SCHALUNGSSTIEL VGK 70;1.24;0.84;0.97;7.34;12;49
117196;BASISSTIEL UVB 135 PLUS;1.6;0.9;0.86;9.93;24;48
117197;KOPFSTIEL UVH 165 PLUS;1.8;0.9;0.86;10.4;24;48
22006;STUETZENSEGMENT HDS  30;1.24;0.84;0.97;5.31;12;48
106429;DECKENSTUETZE PEP 10-400 A;2.25;0.9;0.86;14.9;24;48
106432;DECKENSTUETZE PEP 10-350 A;2;0.9;0.86;13.4;24;48
106433;DECKENSTUETZE PEP 10-300 A;1.75;0.9;0.86;11.5;24;48
106434;DECKENSTUETZE PEP 10-250 A;1.5;0.9;0.86;10.1;24;48
22820;TRIO-ELEMENT      TR  60X 30;1.2;0.8;1.12;15.6;5;48
114842;WANDDICKENA.WDA MX 330 X 4;3.3;0.9;0.86;17.8;25;48
117364;WANDDICKENAUSGLEICH LIWA 300X5;3;0.9;0.86;13.9;25;48
117746;WANDDICKENAUSGLEICH LIWA 250X5;2.5;0.9;0.86;11.6;25;48
101379;BELAGSPALTLEISTE UD 11/250;2.5;0.9;0.86;4.44;25;48
101381;BELAGSPALTLEISTE UD 11/300;3;0.9;0.86;5.26;25;48
111860;INDUSTRIEBELAG UDI 37,5X125;1.3;1.05;1.15;10.1;1;48
111863;INDUSTRIEBELAG UDI 37,5X150;1.55;1.05;1.15;11.8;1;48
111864;INDUSTRIEBELAG UDI 37,5X200;2.05;1.05;1.15;15.2;1;48
111969;INDUSTRIEBELAG UDI 37,5X300;3.05;1.05;1.15;21.9;1;48
112286;MAXIMO-ELEMENT MX  60X 45;1.2;1.37;1.12;21.9;4;48
115325;KIPPTRAEGERADAPTER RCS/SRU;1.24;0.84;0.97;16.6;12;48
112498;SCHWENKKOPF SRU;1.24;0.84;0.97;13.3;12;45
123842;ZUG-DRUCKSPREIZE 100 MX;1.6;0.9;0.85;8.16;24;45
117466;RICHTSTUETZE RS 210;1.5;0.9;0.86;10.6;24;44
118238;RICHTSTUETZE RS 260;2.57;0.9;0.86;12.1;25;44
23292;WANDDICKENAUSGL. WDA   120/6-2;1.2;0.9;0.86;8.09;24;44
27530;SPANNPROFIL 235 / U140;2.35;0.89;0.85;39.8;25;44
51220;GELAENDERSTIEL CB 370;4;0.9;0.86;34.6;25;42
103868;STAHLRIEGEL SRU  72 U120;1.24;0.84;0.97;18.1;12;42
103058;DECKENSTUETZE PEP 20-300;1.75;0.9;0.86;16.1;24;42
103059;DECKENSTUETZE PEP 20-350;2;0.9;0.86;19.6;25;42
103060;DECKENSTUETZE PEP 20-400;2.25;0.9;0.86;22.9;25;42
103062;DECKENSTUETZE PEP 30-300;1.75;0.9;0.86;19;25;42
103063;DECKENSTUETZE PEP 30-350;2;0.9;0.86;23.1;25;42
103067;DECKENSTUETZE PEP 30-250;1.5;0.9;0.86;15.4;24;42
104891;FIRSTSPANGE UR 150 GRAD;2.5;0.9;0.86;14.7;25;42
100488;BELAGTAFEL-STAHL UDS 32X 72;1.24;0.84;0.97;5.2;12;42
23560;VERSATZRIEGEL TVR 45/45;1.24;0.84;0.97;8.93;12;42
61030;PANEEL SDP  75X37,5;1.73;0.84;1.97;5.25;28;56
112012;GRUNDRAHMEN MDS;1.96;0.95;0.85;3.19;24;42
103066;DECKENSTUETZE PEP 30-150;1.35;0.9;0.85;10.8;24;42
116790;DECKENSTUETZE PEP ERGO B-350;2.32;0.9;0.85;15.6;24;42
116780;DECKENSTUETZE PEP ERGO B-300;2.1;0.9;0.85;14;24;42
116770;DECKENSTUETZE PEP ERGO D-250;1.55;0.9;0.85;13.1;24;42
117230;DECKENSTUETZE PEP ERGO D-150;1.35;0.9;0.85;9.1;24;42
117241;SCHIENENFUEHRUNGSSCHUH LPS;1.24;0.84;0.97;15.9;12;42
66030;DOMINO-WD-AUSGL.   DWD 250/5;2.5;0.9;0.86;7.82;25;40
66048;DOMINO-WD-AUSGL.   DWD 125/5;1.25;0.9;0.86;4.03;24;40
51715;GELÄNDERPFOSTEN KB ACS L=283CM;3.1;0.9;0.86;28.3;25;40
51718;GELÄNDERPFOSTEN NB ACS L=251CM;2.65;0.9;0.86;25.3;25;40
117467;RICHTSTUETZE RS 300;1.95;0.9;0.86;15.4;25;40
23040;ABSCHALELEMENT  TR   270X 24;2.7;1;1.05;50.5;1;40
23182;WANDDICKENAUSGL. WDA   270/5-2;2.75;0.9;0.86;16.2;25;40
23192;WANDDICKENAUSGL. WDA   270/6-2;2.75;0.9;0.86;17.2;25;40
114846;WANDDICKENA.WDA MX 330X6;3.3;0.9;0.86;20.2;25;40
116930;ECKELEMENT LIWA 300X25;3.02;1.08;1.11;45.2;1;40
117736;ECKELEMENT LIWA 250X25;2.52;1.08;1.11;37.7;1;40
104792;LGS-ZWISCHENELEM. URB 150/150;3.31;1.61;1.23;29.6;5;40
101774;SCHWERLASTSPINDEL SLS 100/180;1.24;0.84;0.97;17.7;12;40
114186;WANDDICKENA.WDA MX 270 X 5;2.7;0.9;0.86;15.7;25;40
115151;GELAENDERHALTER-2;1.24;0.84;0.97;10.3;12;40
21630;VERTEILERRIEGEL, LACKIERT;1.24;0.84;0.97;18.4;12;40
66010;DOMINO-WD-AUSGL.   DWD 300/5;3;0.89;0.85;9.36;25;40
114165;WANDDICKENA.WDA MX 270X4;2.7;0.9;0.86;14.7;25;40
114174;WANDDICKENA.WDA MX 270 X 6;2.7;0.9;0.86;16.8;25;40
117510;ECKELEMENT LIWA 150X25;1.5;1.03;1.12;23.6;1;40
117433;HOEHENAUSGLEICH VST 12,5;1.24;0.84;0.97;28.9;12;40
66085;GERUESTKONSOLE DG  85;1.24;0.84;0.97;6.57;12;40
123941;LASTROLLE UEW 30 MIT SPINDEL;1.24;0.84;0.97;12.4;12;40
65063;ABSCHALSCHIENE 105;1.24;0.84;0.97;6.6;12;40
114328;GELAENDERPFOSTEN RCS/SRU 184;1.85;0.9;0.85;16.6;24;40
103369;RAPID LEITERANSCHLUSS;1.24;0.84;0.97;6.4;12;40
23050;ABSCHALELEMENT  TR/4 330X 24;3.3;1.21;1.06;62.3;1;40
114826;WANDDICKENA.WDA MX 330 X 5;3.3;0.9;0.86;18.9;27;40
54391;WANDDICKENAUSGL. WDA/4 330/5-2;3.32;0.9;0.86;20.1;27;40
51190;GELAENDERSTIEL CB 200;2.23;0.9;0.86;17.4;25;39
66028;DOMINO-AUSSENECKW. DAW 250;2.5;0.9;0.86;10.5;25;39
66046;DOMINO-AUSSENECKW. DAW 125;1.25;0.9;0.9;5.49;24;39
13130;ECK-KUPPLUNG EKZ 76/76;1.24;0.84;0.97;13.3;12;39
109718;DIAGONALSTREBE RCS 142;1.7;0.9;0.86;16.5;24;36
110012;DIAGONALSTREBE RCS 212;2.35;0.9;0.86;23.4;25;36
110234;FACHWERKRIEGEL RCS 103;1.24;0.84;0.97;18.2;12;36
28330;MULTIPROPRAHMEN MRK  90;0.82;1.2;1.12;11.3;5;36
28340;MULTIPROPRAHMEN MRK 120;1.13;1.2;1.12;14;5;36
28350;MULTIPROPRAHMEN MRK 150;1.43;1.2;1.12;16.3;5;36
28370;MULTIPROPRAHMEN MRK 296;2.88;1.2;1.12;14.8;5;36
28380;MULTIPROPRAHMEN MRK 137,5;1.3;1.2;1.12;15.4;5;36
28390;MULTIPROPRAHMEN MRK  62,5;1.24;0.84;0.97;9.89;12;36
28460;MULTIPROPRAHMEN MRK 201,5;1.93;1.2;1.12;11.6;5;36
28470;MULTIPROPRAHMEN MRK 230;2.23;1.2;1.12;12.5;5;36
28480;MULTIPROPRAHMEN MRK 237;2.3;1.2;1.12;12.7;5;36
28490;MULTIPROPRAHMEN MRK 266;2.58;1.2;1.12;13.9;5;36
117468;RICHTSTUETZE RS 450;2.85;0.9;0.86;22.9;25;36
106092;INDUSTRIEBELAG UDI 25X100;1.24;0.84;0.97;6.95;12;36
111687;INDUSTRIEBELAG UDI 37,5X 75;1.24;0.84;0.97;6.79;12;36
61100;LAENGSTRAEGER SLT 225;2.3;1.15;0.87;15.5;1;36
61110;LAENGSTRAEGER SLT 150;1.55;1.15;0.87;9.61;1;36
61160;LAENGSTRAEGER SLT 375;3.8;1.15;0.87;25.5;1;36
61013;PANEEL SDP  75X50;1.73;0.84;1.97;6.35;28;42
61010;PANEEL SDP  75X75;1.73;0.84;1.97;8.56;28;28
61020;PANEEL SDP 150X37,5;1.73;0.84;1.97;9.78;28;28
61011;PANEEL SDP 150X50;1.73;0.84;1.97;11.7;28;20
28360;MULTIPROPRAHMEN MRK 225;2.17;1.2;1.1;12.4;19;36
112719;MULTIPROPRAHMEN MRK 210;2.07;1.2;1.12;11.8;5;36
118714;DIAGONALSTREBE SCS 257;2.6;1.04;0.72;40.9;1;36
18630;KREUZKOPFSPINDEL 20-24 PD8;1.24;0.84;0.97;8.87;12;36
715518;SPANNEINHEIT SKS 26 STARR;1.24;0.84;0.97;28.1;12;36
100956;MODUL-SCHWENKKOPF-UNTERTEIL;124;84;97;11.9;12;36
117185;TISCHKOPF MITTELTEIL VD;1.24;0.85;0.97;10.4;12;36
51110;RICHTSPINDEL CB 164-224;1.72;0.9;0.86;24.9;24;35
27288;MULTIPROP MP 120;1.24;0.84;0.97;10.1;12;35
111128;KONSOLE UCM 75-2;1.24;0.84;0.97;5.72;12;35
112678;KONSOLE UCM 75 M. ZAPFEN;1.24;0.84;0.97;6.51;12;35
112693;KONSOLE UCM 75 M. HALBROSETTE;1.24;0.84;0.97;5.62;12;35
103362;TRIO LEITERANSCHLUSS;1.24;0.84;0.97;7.12;12;35
111979;AUSLEGER MXP 118;1.6;0.9;0.85;7.61;22;35
105572;FUEHRUNG B, GEP.;1.24;0.84;0.5;5.52;16;35
105570;FUEHRUNG A, GEP.;1.24;0.84;0.5;5.52;16;35
117411;VERBANDSANSCHLUSS VST;1.24;0.84;0.97;18.6;12;34
27110;GERUESTKONSOLE GB 80;2.06;1.17;0.96;11;15;34
115580;GELAENDERHALTER-2 (US);1.24;0.84;0.97;10.5;12;34
21730;RANDPROFIL 240, RECHTS;2.5;0.9;0.85;19.1;25;33
21740;RANDPROFIL 240, LINKS;2.5;0.9;0.85;19.1;25;33
21440;RANDPROFIL 300, RECHTS;3.1;0.9;0.85;31.5;25;33
21450;RANDPROFIL 300, LINKS;3.1;0.9;0.85;31.5;25;33
21750;RANDPROFIL 360, RECHTS;3.7;0.9;0.85;28.3;25;33
21760;RANDPROFIL 360, LINKS;3.7;0.9;0.85;28.3;25;33
124795;ZWISCHENELEMENT ULS 100 FLEX ;1.24;0.84;0.97;10.5;12;33
105386;FAHRWERKRIEGEL URL 150/14;1.6;0.9;0.86;25.7;24;32
28400;MULTIPROPRAHMEN MRK  75;1.24;0.84;0.97;10.1;12;32
112090;MAXIMO-ELEMENT MX 270X 30;2.72;1.25;1.14;62.8;1;32
112133;MAXIMO-ELEMENT MX  30X240;2.45;1.25;1.14;52.9;1;32
112239;MAXIMO-ELEMENT MX 120X 30;1.25;1.25;1.08;27.4;1;32
112271;MAXIMO-ELEMENT MX  90X 30;1.25;0.92;1.14;22;5;32
114457;MAXIMO-ELEMENT MX 330X 30;3.35;1.25;0.94;79.6;1;32
117712;VORSATZ-VERBINDER VST 200/37,5;3.03;0.9;0.86;35.7;25;32
22560;TRIO-ELEMENT      TR 270X 30;2.7;1.2;1.04;60.3;1;32
22650;TRIO-ELEMENT      TR 120X 30;1.2;1.2;1.04;28.4;1;32
23030;ABSCHALELEMENT  TR   120X 24;1.2;1;1.04;23.1;1;32
23880;TRIO-ELEMENT   TRA 270X 30 ALU;2.7;1.2;1.04;31.4;1;32
23960;TRIO-ELEMENT   TRA  90X 30 ALU;1.2;0.9;1.12;10.7;5;32
107981;SPALTBELAG UZD 150/16, VERZ.;1.5;0.9;0.86;11.2;24;32
108010;SPALTBELAG UZD 200/16, VERZ.;2;0.9;0.86;15;25;32
108011;SPALTBELAG UZD 250/16, VERZ.;2.5;0.9;0.86;18.8;25;32
57078;T-GELENKKUPPLUNG 115-76;1.2;0.9;0.86;18.3;24;32
103850;AUSSENECK-KUPPLUNG AKZ 85/85;1.24;0.84;0.97;24.7;12;32
65056;UZ-BOCK 40;1.24;0.84;0.97;11.3;12;32
21580;T-RIEGEL 800, LACKIERT;1.24;0.84;0.97;12.8;12;32
66026;DOMINO-ELEMENT     D   250X 25;2.5;1;1.03;37.7;1;32
66044;DOMINO-ELEMENT     D   125X 25;1.25;1;1.03;18.6;1;32
66064;DOMINO-ELEMENT     D    75X 25;1.2;0.8;1.09;12.1;19;32
112280;MAXIMO-ELEMENT MX  60X 60;1.2;1.2;1.12;28.4;4;32
115947;BUEHNENANSCHLUSS MXP;1.24;0.84;0.97;13;12;32
54364;TRIO-ELEMENT      TR/4 330X 30;330;120;106;74.2;1;32
66006;DOMINO-ELEMENT     D   300X 25;300;100;104;43.7;1;32
124137;ELEMENT MX18 270X30;2.72;1.25;1.09;62.8;1;32
124146;ELEMENT MX18 120X30;1.22;1.25;1.1;27.4;1;32
124523;DOMINO-ELEMENT D 150X25;1.5;1;1.05;22;1;32
103871;STAHLRIEGEL SRU  97 U120;1.24;0.84;0.97;24.2;12;31
114034;AUSGLEICHSRIEGEL MAR  85/2;1.24;0.84;0.97;13.8;12;31
10600;STAHLRIEGEL SRZ  95;1.24;0.84;0.97;19.8;12;31
124941;AUSGLEICHSRIEGEL MAR 85/3;1.24;0.84;0.97;14;12;31
109219;TREPPENWANGE UA 250/200;3.25;0.9;0.86;15.8;25;30
114731;TREPPENWANGE UA 125/100;1.54;0.9;0.86;9.78;24;30
51719;GELÄNDERPFOSTEN NB ACS L=398CM;4.05;0.9;0.86;39.9;25;30
109468;KLETTERSCHUH RCS;1.24;0.84;0.97;19.8;12;30
109720;GELAENDERPFOSTEN RCS 226;2.26;0.9;0.86;26.6;25;30
57077;ECKSTAHLR. ESRZ 46/41,6 - ACS;1.24;0.84;0.97;16.8;12;30
103061;DECKENSTUETZE PEP 20-500;2.75;0.9;0.86;30.6;25;30
103065;DECKENSTUETZE PEP 30-400;2.25;0.9;0.86;27.5;25;30
117144;ELEMENT LIWA  75X40;1.26;0.8;1.2;15.9;5;30
114148;ECKBLECH UDC 75;1.24;0.84;0.97;4.89;12;30
100349;STIRNSEITENGELAENDER UPX 104;1.2;1.2;1;9.42;5;30
111390;KLETTERSCHIENEN VERB. RCS 97;1.24;0.84;0.97;32.8;12;30
100216;T-RAHMEN UVT 104/200;2.46;1.53;1.15;15.4;31;36
100224;KONSOLE UCB 72;1.24;0.84;0.97;8.88;12;30
10020;STAHLRIEGEL SRZ 110;1.24;0.84;0.97;22.9;12;30
19900;GRUNDRAHMEN ST 100;1.4;1.4;1.94;16.6;2;30
61250;GELAENDERHALTER SGH;2.2;0.89;0.85;4.76;24;30
65065;UZ-LOCHSCHIENE 129;1.29;0.9;0.86;10;24;30
51050;STIELVERLAENGERUNG CB 180;2.05;0.9;0.86;26.4;25;28
109567;DECKENSCHUH RCS;1.24;0.84;0.97;20.3;12;28
101776;SCHWERLASTSPINDEL SLS 140/240;1.5;0.9;0.86;24.2;24;28
101778;SCHWERLASTSPINDEL SLS 200/300;2.1;0.9;0.86;31.6;25;28
101779;SCHWERLASTSPINDEL SLS 260/360;2.71;0.9;0.86;37.7;25;28
117469;RICHTSTUETZE RS 650;4.31;0.9;0.86;39.8;25;28
100219;L-RAHMEN UVL 104/100;1.95;1.53;1.15;9.82;31;36
100208;BASISRAHMEN UVF 104/124;1.88;1.53;1.15;14;31;28
101659;GITTERTRAEGER ULA 70/825 HD;8.25;0.9;1.15;37.4;31;18
100183;GITTERTRAEGER-STAHL ULS 70/625;6.25;0.9;1.15;64.5;31;18
112034;ZWISCHENRAHMEN MDS 50;1.94;1.26;0.85;5.12;24;28
51090;ANSCHLUSS TRIO/CB;1.24;0.84;0.97;13.5;12;28
113643;EINHAENGERINGADAPTER SRU;1.24;0.84;0.97;12.4;12;28
112298;KRANAUFHAENGUNG RFP;1.24;0.84;0.97;12.2;12;28
57487;BLECH 20X410X 500;1.24;0.84;0.5;31.4;16;28
109785;SCHWERLASTSPINDEL SLS 380/480;3.88;0.91;0.86;50.3;27;28
109726;SCHWERLASTSPINDEL SLS 320/420;3.38;0.96;0.86;44.1;27;28
118585;SCHWERLASTSPINDEL SCS 198-250;210;90;85;46.3;27;28
108544;ENDPFOSTEN UZE 250, VERZ.;2.8;0.9;0.86;24.3;25;27
51610;STIRN-GELAENDERPFOSTEN CB;1.35;0.9;0.86;6.94;24;26
100486;BELAGTAFEL-STAHL UDS 32X104;1.24;0.84;0.97;7.06;12;26
117354;GERUESTKONSOLE LIWA;1.24;0.84;0.97;6.47;12;26
51707;GELÄNDERPFOSTEN HB ACS;2.2;0.9;0.86;26.3;25;25
109722;NACHLAUFBÜHNENTRÄGER RCS 122;1.3;1.3;0.86;14.2;24;25
100444;STIRNSEITENGELAENDER UPX  72;1.24;0.84;0.97;7.15;12;25
100830;GELAENDER UAH;1.24;0.84;0.97;4.97;12;25
110478;SCHWENKGELAENDER UPX 100;1.24;0.84;0.97;5.12;12;25
117322;TRANSPORTGEHAENGE MAXIMO;1.24;0.84;0.97;25;12;25
23590;GERUESTKONSOLE TRG 100/112;1.9;1.5;0.85;13;24;25
117327;SEITENSCHUTZGITTER PMB 130;1.33;0.9;1.33;10.5;6;25
57099;RICHTSPINDELANSCHLUSS ACS-P;1.24;0.84;0.97;17.3;12;25
112359;DECKENLAGER ANKERSCHUH RCS M24;1.24;0.84;0.97;15;12;25
117519;ANSCHLUSS VD/UZ;1.24;0.84;0.97;11.2;12;25
124845;DECKENANKERLEHRE LPS;1.24;0.84;0.97;12.5;12;25
25730;ABSTUETZSPINDEL TR 60X9/43;1.24;0.84;0.97;29.1;12;25
105791;UMSETZRAD QUATTRO;1.24;0.84;0.97;16.9;12;25
124790;ZWISCHENELEMENT ULS 125 FLEX ;1.2;0.9;0.85;12.7;24;25
124781;ZWISCHENELEMENT ULS 150 FLEX ;1.45;0.9;0.85;15.4;24;25
115918;DECKENSCHUH ADAPTER RCS/AV/SLS;1.24;0.84;0.5;9.38;16;25
57040;ELEMENTTRAEGER 1110 ACS;1.24;0.84;0.97;22.7;12;25
115915;LEITER MXP 270;1.9;0.9;0.85;12.2;23;25
115430;LEITERANSCHLUSS MXP;1.24;0.84;0.97;8.32;12;25
117326;SEITENSCHUTZGITTER PMB 260;2.65;0.9;1.32;19.7;6;25
101964;DOMINO-WD-AUSGL.   DWD 125/10;1.25;0.9;0.86;5.94;24;24
101986;DOMINO-WD-AUSGL.   DWD 250/10;2.5;0.9;0.86;11.6;25;24
51200;BUEHNENSTIEL CB 225;2.51;0.9;0.86;44.4;25;24
51230;BUEHNENTRAEGER CB;1.3;1.1;0.53;17;1;24
66055;DOMINO-ELEMENT     D   125X 40;1.25;1.2;1.04;24.4;1;24
66070;DOMINO-ELEMENT     D    75X 40;1.2;0.8;1.09;16.1;5;24
51714;DIAGONALSTREBE ACS;3.15;0.9;0.86;38.8;25;24
103874;STAHLRIEGEL SRU 122 U120;1.22;1;0.63;30.9;1;24
103877;STAHLRIEGEL SRU 147 U120;1.47;1;0.63;38.1;1;24
103886;STAHLRIEGEL SRU 172 U120;1.72;1;0.63;44.7;1;24
103889;STAHLRIEGEL SRU 197 U120;1.97;1;0.63;52;1;24
103892;STAHLRIEGEL SRU 247 U120;2.47;1;0.63;65.6;1;24
103898;STAHLRIEGEL SRU 222 U120;2.22;1;0.63;58.6;1;24
103903;STAHLRIEGEL SRU 297 U120;2.97;1;0.63;81;1;24
103929;STAHLRIEGEL SRU 272 U120;2.72;1;0.63;72;1;24
109721;GELAENDERSTIEL RCS 384;3.92;0.9;0.86;40.7;25;24
117371;HORIZONTALRIEGEL VST 200;1.8;0.9;0.86;31.4;24;24
22840;TRIO-ECKE      TE    60/2;1.2;0.9;1;18;5;24
100185;GITTERTRAEGER-STAHL ULS 70/525;5.25;0.9;1.15;54.8;31;18
100852;GITTERTRAEGER-STAHL ULS 70/825;8.25;0.9;1.15;83.6;31;18
111686;INDUSTRIEBELAG UDI 37,5X100;1.24;0.84;0.97;8.46;12;24
114142;WANDDICKENA.WDA MX 120X10 ALU;1.2;0.9;0.86;4.51;24;24
124404;KONSOLSTIEL VGK 110;1.24;0.84;0.97;17.3;12;24
10030;STAHLRIEGEL SRZ 120;1.2;0.98;0.62;25.1;1;24
10050;STAHLRIEGEL SRZ 245;2.45;0.98;0.62;51.6;1;24
23990;WANDDICKENAUSG. WDA 120/10 ALU;1.2;0.89;0.85;4.68;24;24
61051;WANDHALTER    SWH-2;1.6;0.89;0.85;5.25;24;24
29200;DRUCKSPINDEL 2;1.45;0.89;0.85;32;24;24
57022;STEHERANSCHLUSS GELENKIG ACS-P;1.24;0.84;0.97;33.5;12;24
22003;ABSENKGETRIEBE HDA;1.24;0.84;0.97;31.4;12;24
51711;SCHIEBESTUECK ACS;1.24;0.84;0.97;20.8;12;24
107162;WANGENPFOSTEN UZF 150, VERZ.;1.78;1;0.85;20.3;24;24
111238;KRANAUFHAENGUNG 2TO GT24;1.24;0.84;0.97;19.8;12;24
10370;STAHLRIEGEL SRZ 239;2.41;1;0.73;50.2;1;24
10120;STAHLRIEGEL SRZ 295;2.96;0.97;0.69;61.5;1;24
10060;STAHLRIEGEL SRZ 182,5;1.83;0.98;0.71;38.3;1;24
10110;STAHLRIEGEL SRZ 178;180;100;64;38.1;1;24
10610;STAHLRIEGEL SRZ 145;145;100;75;30.4;1;24
51720;NACHLAUFBÜHNENTRÄGER ACS;1.3;1.5;0.86;17.2;24;23
57568;KLETTERSCHUH IV ACS;1.24;0.84;0.97;33.6;12;23
111813;PEP-RAHMEN PRK 137,5;1.48;1.2;1.09;19.2;5;22
111814;PEP-RAHMEN PRK 150;1.6;1.2;1.09;20.1;5;22
112813;PEP-RAHMEN PRK 100;1.1;1.2;1.09;15.9;5;22
112814;PEP-RAHMEN PRK 120;1.3;1.2;1.09;17.8;5;22
111101;ABDECKBLECH UDP 75;1.24;0.84;0.97;7.78;12;22
51717;NACHLAUFBÜHNENSTIEL 500 ACS;2.9;0.9;0.86;52.8;25;21
113745;KLETTERSCHIENEN VERL. RCS 125;1.54;1.3;0.85;30.2;25;21
104768;LGS-STANDARDELEM. URB 150/300;3.2;1.6;1.25;55.4;19;20
23920;UNIVERSALRIEGEL 245;2.47;0.92;0.7;78.4;1;20
51060;KIPPTRAEGER CB 270;2.73;1;0.62;73.4;1;20
23670;GERUESTKONSOLE TRG  80;2;1.3;0.86;12.8;25;20
23680;GERUESTKONSOLE TRG 120;2.2;1.5;0.86;17;25;20
111812;PEP-RAHMEN PRK  75;1.24;0.84;0.97;13.9;12;20
109773;GELAENDERSTIEL RCS 509;5.1;0.9;0.86;67.9;25;20
114394;WANDDICKENA.WDA MX 330X10 ALU;3.3;0.9;0.86;12.1;25;20
116923;ELEMENT LIWA 300X40;3.02;0.88;1.11;52.4;1;20
117107;ELEMENT LIWA 150X50;1.52;1.04;1.11;32.1;1;20
117111;ELEMENT LIWA 150X40;1.52;0.84;1.15;28.3;5;20
117125;ELEMENT LIWA  75X75;1.54;0.8;1.2;24.7;5;20
117136;ELEMENT LIWA  75X60;1.24;0.8;1.2;20.3;5;20
117140;ELEMENT LIWA  75X50;1.2;0.8;1.2;18.1;5;20
117730;ELEMENT LIWA 250X40;2.52;0.44;1.11;43.8;1;20
108190;PODESTGELAENDER UZG 150,  VERZ;1.45;1.15;1.15;34.6;31;14
114036;AUSGLEICHSRIEGEL MAR 170/2;1.7;0.9;0.86;23;25;20
105845;KONSOLE ASG 70-100;1.24;0.84;0.97;12.8;12;20
111382;KLETTERSCH. WINKELVERB. RCS;1.24;0.84;0.97;35.2;12;20
100170;BASISRAHMEN UVF  72/174;2.82;0.8;1.15;20.5;5;20
100172;BASISRAHMEN UVF 104/174;2.82;1.11;1.34;23.7;5;20
111964;SAEULENELEMENT LICO 700X 500;1.2;0.8;0.93;17;5;20
114128;WANDDICKENA.WDA MX 270X10 ALU;2.7;0.9;0.86;10;25;20
23995;WANDDICKENAUSG. WDA 270/10 ALU;2.7;0.89;0.85;10.1;25;20
27680;ANSCHLUSSCHIENE SB-TRIO/SE;1.85;1.33;1.23;49.6;5;20
116591;DECKENSCHUH RCS VERST. +/-50MM;1.24;0.84;0.97;27;12;20
51725;KLETTERSCHUH I - ACS;1.24;0.84;0.97;38.6;12;20
112059;ENDRAHMEN MDS 50;1.58;0.9;0.85;91.7;24;20
118584;KIPPTRAEGER SCS 325;3.25;1.03;0.93;112;1;20
102923;GERUESTKONSOLE TRG  80 (GB);2;1.3;0.85;13.8;25;20
51726;KLETTERSCHUH II - ACS;1.24;0.84;0.97;33.3;12;20
124942;AUSGLEICHSRIEGEL MAR 170/3;1.7;0.9;0.85;23.2;23;20
57063;TRAEGERANSCHLUSS TYP 1 ACS;1.24;0.84;0.97;19.8;12;20
54435;WANDDICKENAU. WDA/4 330/10 ALU;3.3;0.9;0.86;12.4;27;20
23074;TR-BEW. ELEMENT 270X20    MTF;272;90;85;29.2;27;20
109783;DURCHSTIEG UAF 50X 75;1.24;0.84;0.97;9.37;12;19
105399;AUFLAGER URS  0 GRAD;1.83;0.9;0.86;37.7;24;18
51630;END-GELAENDERPFOSTEN CB;1.35;0.9;0.86;11;24;18
111811;PEP-RAHMEN PRK  62,5;1.24;0.84;0.97;13.7;12;18
112809;ABDECKBLECH UDP 100;1.24;0.84;0.97;10.9;12;18
100212;T-RAHMEN UVT  72/200;2.46;1.2;1.15;13.9;32;36
100149;KONSOLE UCB 104;1.82;1.1;0.86;13.2;24;18
100217;L-RAHMEN UVL  72/100;1.95;1.2;1.15;8.25;32;36
100200;BASISRAHMEN UVF  72/124;1.82;1.2;1.55;12.4;32;30
106585;STAHLBELAG UDS 32X150 PUBLIC;1.5;1.22;1.15;15.8;32;24
117391;HOEHENAUSGLEICH VST 25;1.24;0.84;0.97;35.4;12;18
124427;KONSOLSTIEL VGK 155;1.6;0.9;0.85;23.7;24;18
109791;KLETTERSCHIENEN VERL. RCS 100;1.3;0.9;0.85;25.9;24;18
116691;SCHWENKGELAENDER UPX 125;1.2;0.9;0.85;5.9;24;18
100742;TREPPENGELAENDER UAG;2.66;0.9;0.86;10;25;16
51410;LEITER 180/6;2;0.9;0.86;11.7;25;16
51420;LEITER 220/6;2.3;0.9;0.86;12.8;25;16
66043;DOMINO-ELEMENT     D   125X 50;1.25;1;1.04;28.6;1;16
22790;TRIO-ELEMENT      TR  60X 90;1.2;0.9;1.12;34.5;5;16
22800;TRIO-ELEMENT      TR  60X 72;1.2;0.8;1.12;28.9;5;16
22810;TRIO-ELEMENT      TR  60X 60;1.2;0.8;1.12;25.7;5;16
23950;TRIO-ELEMENT   TRA  90X 60 ALU;1.2;0.9;1.12;18;5;16
23980;MEHRZWECKELEM. TAM  90X 72 ALU;1.45;0.9;1.12;23.6;5;16
54220;TRIO-SAEULENELEMENT TRS  60X90;1.2;0.9;1.12;40.3;5;16
66062;DOMINO-MEHRZW.ELE. DM   75X 75;1.5;0.9;1.12;31.6;5;16
113358;ECKBLECH UDC 100;1.31;0.9;0.86;10;24;16
101656;GITTERTRAEGER ULA 50/425 HD;4.25;0.9;0.86;18.4;25;16
101657;GITTERTRAEGER ULA 50/525 HD;5.25;0.9;0.86;22.5;25;16
101658;GITTERTRAEGER ULA 50/625 HD;6.25;0.9;0.86;26.5;25;16
115315;INNENECKE MXI 60 X 50/20;1.22;1.1;0.82;29.7;5;16
105823;VARIO-BUEHNENKONSOLE VBK 90;1.24;0.84;0.97;9.27;12;16
100330;GITTERTRAEGER-STAHL ULS 50/425;4.25;0.9;0.86;41.7;25;16
100336;GITTERTRAEGER-STAHL ULS 50/525;5.25;0.9;0.86;50.9;25;16
100339;GITTERTRAEGER-STAHL ULS 50/625;6.25;0.9;0.86;60.2;25;16
66061;DOMINO-ELEMENT     D    75X 75;1.5;0.8;1.9;26.6;5;16
66063;DOMINO-ELEMENT     D    75X 50;1.2;0.8;1.8;19.3;5;16
107448;TREPPENWANGE UZS 250/150, VERZ;3.06;1;0.85;42.8;25;16
65062;SCHALUNGSKONSOLE - 2;1.24;0.84;0.97;9.81;12;16
117130;BUEHNE LPS 250;2.5;1.05;1.05;72.5;3;16
23067;TR-BEW. ELEMENT 120/3     AT;1.2;0.9;0.85;7.78;24;16
114301;BUEHNENTRAEGER RCS/SRU 113;1.24;0.84;0.97;17.1;12;16
23060;TR-BEW. ELEMENT 270/3     AT;2.7;0.9;0.85;17.2;23;16
23062;TR-BEW. ELEMENT 270X24/25 MT;2.7;0.9;0.86;30.4;27;16
66067;DOMINO-GELENKECKE  DGE  75;1.24;0.84;0.97;14.2;12;15
51704;FAHRWAGEN ACS, KPLT.;1.5;0.9;0.86;51.9;24;15
51722;KRAGARMPFOSTEN KB ACS;5.2;0.9;1.1;67.8;25;15
51723;KRAGARMPFOSTEN NB ACS L=261CM;2.7;0.9;0.86;30;25;15
112549;FACHWERKSTREBE HD 2247;2.3;0.9;0.86;56.5;25;15
111815;PEP-RAHMEN PRK 201,5;2.34;0.9;0.86;15.4;25;15
111816;PEP-RAHMEN PRK 225;2.58;0.9;0.86;16.2;25;15
111817;PEP-RAHMEN PRK 230;2.62;0.9;0.86;16.3;25;15
111818;PEP-RAHMEN PRK 266;3;0.9;0.86;17.7;25;15
111819;PEP-RAHMEN PRK 296;3.32;0.9;0.86;18.6;25;15
112788;PEP-RAHMEN PRK 210;2.43;0.9;0.86;15.6;25;15
51150;KIPPTRAEGER CB 380;3.8;1;0.5;103;1;15
105398;RIEGELAUFSATZ URS;1.24;0.84;0.97;23.8;12;15
112718;PEP-RAHMEN PRK 200;2.3;0.9;0.85;15.3;24;15
117275;GELENKECKE LIWA 150;1.5;1.2;0.75;19.2;5;15
118799;ANFAENGERRIEGEL SCS;2.25;0.9;0.85;51.3;25;15
65046;SCHALZWINGE 105;1.24;0.84;0.97;12.7;12;15
115009;BETONPUMPENANSCHL. BPA-2 D=125;1.24;0.84;0.97;21.7;12;15
103724;AUSSTIEGSLEITER 180/2 KPL.;2;0.9;0.85;10.4;25;15
106661;AUFHAENGESCHUH SB;1.24;0.84;0.97;32;12;15
106587;STAHLBELAG UDS 32X250 PUBLIC;2.5;1.22;1.15;25.2;32;24
23270;LAENGENAUSGLEICH  LA   120X 36;1.58;1.2;0.86;24.5;25;14
110263;TREPPENGELAEND. UZG  56/ 50 VZ;1.62;1.15;1.15;20;32;14
112052;RAHMEN MDS 100;1.9;1.3;0.85;1.32;24;14
101799;VORL. STIRNSEITENGEL. UPA 104;1.3;1.22;1.15;12;32;12
22005;STUETZENSEGMENT HDS  90;1.24;0.84;0.97;11.2;12;13
111276;STUETZENSEGMENT HDSS  90;1.24;0.84;0.97;28.2;12;13
111850;GELENKECKE MXGA 120;1.28;1.2;0.86;19;24;13
118737;QUERBALKENEINHEIT SCS 250;2.8;1.05;1.95;140;30;13
51716;KLETTERBÜHNENTRÄGER ACS;1.3;1.7;0.86;23.1;24;12
103928;STAHLRIEGEL SRU 597 U120;5.97;1;0.34;159;1;12
110375;DECKENSCHUH RCS ECKE;1.24;0.84;0.97;30.9;12;12
22007;KOPFSPINDELSTUECK HDK 45;1.24;0.84;0.97;25.7;12;12
103906;STAHLRIEGEL SRU 347 U120;3.47;1;0.34;92.6;1;12
103915;STAHLRIEGEL SRU 397 U120;3.97;1;0.34;106;1;12
103918;STAHLRIEGEL SRU 447 U120;4.47;1;0.34;119;1;12
103922;STAHLRIEGEL SRU 497 U120;4.97;1;0.34;135;1;12
103925;STAHLRIEGEL SRU 547 U120;5.47;1;0.34;146;1;12
109968;FAHRWAGEN RCS;1.4;1.5;0.86;41.6;24;12
28990;RICHTSTUETZE RS 1000, VERZ.;6.45;0.9;0.86;115;25;12
23170;LAENGENAUSGLEICH  LA   270X 36;2.7;1.28;0.86;48.9;24;12
114536;GERUESTTREPPE UAS 75X150/100 S;2.16;1;1.15;17.9;32;7
10440;VARIORIEGEL VSRZ-24 120/12;1.25;0.97;0.56;32.2;1;12
12050;SAEULENVARIORIEGEL SVRZ 120;1.3;0.99;0.47;31.3;1;12
12150;SAEULENRIEGEL SSRZ-24  97/85;1;0.99;1.03;38.7;1;12
12160;SAEULENRIEGEL SSRZ-24 113/101;1.17;0.96;1.2;45.7;1;12
27060;ECKGERUESTKONSOLE EGB 24-80 R;2.05;1.65;0.85;14;25;12
27070;ECKGERUESTKONSOLE EGB 24-80 L;2.05;1.65;0.85;14;25;12
117280;DECKENSCHUH LPS VERSTELLBAR;1.65;0.9;0.85;46.2;24;12
100870;BASISBALKEN UVA 250;2.8;0.9;0.85;40.7;25;12
124438;SCHALUNGSTRAEGER VGK 100;1.24;0.84;0.97;19.5;12;12
57389;ELEMENTTRAEGER 1110 IPB160 ACS;1.25;0.9;0.85;48.7;22;12
10520;VARIORIEGEL VSRZ-24 117/12;1.18;0.98;0.74;31.3;1;12
10420;VARIORIEGEL VSRZ-24 245/12;245;95;72;58.9;1;12
23077;TR-BEW. ELEMENT 270X30    MTF;270;90;85;38.6;27;12
23064;TR-BEW. ELEMENT 270X30    MT;270;90;85;37.3;27;12
22380;DOPPELSPINDEL MIT ROLLE KPLT.;1.24;0.84;0.97;23.2;12;11
104769;LGS-FIRSTELEMENT URR 150;2.4;1.38;0.85;25.7;25;11
104771;AUFLAGER URS 15 GRAD;1.72;0.9;0.86;35.4;24;10
51020;FAHRWAGEN CB 240;1.28;1.16;0.63;33.9;1;10
57057;NACHLAUFBUEHNENTR. 1365 ACS-G;1.3;1.5;0.86;59.8;24;10
57098;KIPPTRAEGER 365 ACS;3.75;1.1;0.6;144.9;1;10
23300;TRIO-GELENKECKE TGE 120;1.2;1.2;0.84;43.6;5;10
116878;ELEMENT LIWA 300X75;3.02;0.77;1.11;77.9;1;10
116906;ELEMENT LIWA 300X60;3.02;0.64;1.11;66.3;1;10
116916;ELEMENT LIWA 300X50;3.02;0.54;1.11;59.4;1;10
116984;MZ-ELEMENT LIWA 300X75;3.02;0.77;1.11;77.9;1;10
117013;ELEMENT LIWA 150X75;1.52;0.77;1.11;42.9;1;10
117024;ELEMENT LIWA 150X60;1.52;0.62;1.11;36;1;10
117029;MZ-ELEMENT LIWA 150X75;1.52;0.77;1.11;42.9;1;10
117717;ELEMENT LIWA 250X75;2.52;0.77;1.11;65.3;1;10
117721;ELEMENT LIWA 250X60;2.52;0.62;1.11;55.5;1;10
117725;ELEMENT LIWA 250X50;2.52;0.52;1.11;49.7;1;10
117738;MZ-ELEMENT LIWA 250X75;2.52;0.77;1.11;65.2;1;10
104618;VORL. STIRNSEITENGEL. UPA  72;1.24;0.84;0.97;10;12;10
117453;STUETZENFUSS VST 48;1.24;0.84;0.97;45.5;12;10
117454;STUETZENVERBINDER VST 48;1.24;0.84;0.97;47.9;12;10
25720;STUETZBOCK SB-C;1.4;0.8;1.07;49.9;5;10
23200;TRIO-GELENKECKE TGE 270;2.7;1.21;0.88;94.9;19;10
54414;TRIO-GELENKECKE TGE/4 330;3.3;1.21;0.88;119;19;10
111683;SAEULENELEMENT LICO 700X3000;3.08;0.7;0.91;74.7;17;10
111957;SAEULENELEMENT LICO 700X1000;1.08;0.7;0.93;32.6;1;10
115655;VORL.STIRNSEITENGEL.UPA ROSETT;1.24;0.84;0.97;11;12;10
124216;KLETTERSCHIENE LPS 398;4;0.92;0.4;128;1;10
123605;KLETTERSCHIENE LPS 647;6.5;0.92;0.4;174;1;10
123606;KLETTERSCHIENE LPS 748;7.5;0.92;0.4;240;1;10
124213;KLETTERSCHIENE LPS 948;9.5;0.92;0.4;303;1;10
118331;GELAENDEREINHEIT SD 75;2.21;1.24;1.04;10.9;21;10
118323;GELAENDEREINHEIT SD 150;2.21;1.24;1.79;14.8;20;10
51000;KLETTERKONSOLE CB 240;2.55;2.25;1.65;112;1;10
105844;BUEHNE  ASG 70-100/298;3;0.82;1.2;51.3;1;10
51100;KLETTERKONSOLE CB 160;2.6;1.7;1.68;79;1;10
115938;BUEHNE MXP 120X100;2.4;2.3;1.3;131;8;10
110486;AUSGL.-ELEMENT L  GFL 150X100;1.55;1.05;1.04;15;1;10
110038;STANDARDELEMENT   GFP 200X100;2.06;1.06;1.04;20.3;1;10
110040;AUSGL.-ELEMENT Q  GFC 200X100;2.08;1.25;1.04;22.1;1;10
23065;TR-BEW. ELEMENT 270X35/36 MT;2.7;0.9;0.86;41.3;27;10
57097;KIPPTRAEGER 255 ACS;2.7;0.9;0.86;107.2;25;9
109755;DURCHSTIEG UAF 75X100;1.24;0.84;0.97;15.7;12;9
28790;UNTERZUGRIEGEL UZR 190/150;2.04;0.89;0.85;44.7;25;9
115570;DECKENSCHUH RCS VERSTELLBAR 30;1.7;0.9;0.85;54.5;24;9
23971;TRIO-ECKE      TAE   90/2 ALU;0.9;1.2;0.5;15.2;1;8
66022;DOMINO-ELEMENT     D   250X 75;2.5;0.75;1.04;71.6;1;8
66023;DOMINO-ELEM.-ALU   DA  250X 75;2.5;0.75;1.04;64.1;1;8
66024;DOMINO-MEHRZW.ELE. DM  250X 75;2.5;0.75;1.04;76.5;1;8
66025;DOMINO-ELEMENT     D   250X 50;2.5;0.5;1.04;54.5;1;8
66021;DOMINO-ELEM.-ALU   DA  250X100;2.5;1;1.04;80.1;1;8
66035;DOMINO-ELEMENT     D   250X 40;2.5;0.4;1.04;47.1;1;8
66040;DOMINO-ELEMENT     D   125X100;1.25;1;1.04;47.3;1;8
66041;DOMINO-ELEMENT     D   125X 75;1.25;0.75;1.04;38.7;1;8
66050;DOMINO-ELEM.-ALU   DA  125X100;1.25;1;1.04;31;1;8
66051;DOMINO-ELEM.-ALU   DA  125X 75;1.25;0.75;1.04;24.8;1;8
66052;DOMINO-MEHRZW. ALU DMA 125X 75;1.25;0.75;1.04;27.3;1;8
66060;DOMINO-ELEMENT     D    75X100;1;0.75;1.04;32.4;1;8
57013;QUERBALKENKOPF ACS-P;1.4;1.28;0.86;147;24;8
66032;DOMINO-MEHRZW. ALU DMA 250X 75;2.5;0.75;1.04;50.2;1;8
22004;STUETZENSEGMENT HDS 270;2.76;0.9;0.86;29.7;25;8
22510;TRIO-ELEMENT      TR 270X120;2.7;1.2;1.04;162;1;8
22520;TRIO-ELEMENT      TR 270X 90;2.7;0.9;1.04;115;1;8
22530;TRIO-ELEMENT      TR 270X 72;2.7;0.72;1.04;97.2;1;8
22540;MEHRZWECKELEM. TRM 270X 72;2.7;0.72;1.04;103;1;8
22550;TRIO-ELEMENT      TR 270X 60;2.7;0.6;1.04;87.4;1;8
22580;TRIO-ECKE      TE   270/2;2.7;1.2;0.5;69.8;1;8
22600;TRIO-ELEMENT      TR 120X120;1.2;1.2;1.04;76.1;1;8
22610;TRIO-ELEMENT      TR 120X 90;1.2;0.9;1.04;58.2;1;8
22620;TRIO-ELEMENT      TR 120X 72;1.2;0.72;1.04;48.6;1;8
22630;MEHRZWECKELEM. TRM 120X 72;1.2;0.72;1.04;56.3;1;8
22640;TRIO-ELEMENT      TR 120X 60;1.2;0.6;1.04;43.4;1;8
22660;TRIO-ECKE      TE   120/2;1.2;1.2;0.5;33.1;1;8
23850;TRIO-ELEMENT   TRA 270X 90 ALU;2.7;0.9;1.04;70.2;1;8
23860;MEHRZWECKELEM. TAM 270X 72 ALU;2.7;0.72;1.04;60.8;1;8
23870;TRIO-ELEMENT   TRA 270X 60 ALU;2.7;0.6;1.04;49.3;1;8
23900;TRIO-ELEMENT   TRA  90X120 ALU;1.2;0.9;1.04;33.6;1;8
54200;TRIO-SAEULENELEMENT TRS 270X90;2.7;0.9;1.04;142;1;8
54210;TRIO-SAEULENELEMENT TRS 120X90;1.2;0.9;1.04;69.9;1;8
66004;DOMINO-MEHRZW.ELE. DM  300X 75;3;0.75;1.04;90.6;1;8
66042;DOMINO-MEHRZW.ELE. DM  125X 75;1.25;0.75;1.04;43.7;1;8
114607;GELENKECKE MXGA 330;3.3;0.9;0.86;51.1;25;8
104777;FAHRWERK URW;1.24;0.84;0.97;42.8;12;8
104796;ALU-FAHRSCHIENE URT 250;2.6;0.9;0.86;33.9;25;8
114811;DURCHSTIEGBELAG UAL-2 64X200/3;2;0.9;0.86;18.4;25;8
114812;LEITERGANGTAFEL UAL-2 64X300/3;3;0.9;0.86;28.8;25;8
114825;LEITERGANGTAFEL UAL-2 64X250/3;2.5;0.9;0.86;25.5;25;8
104790;ALU-FAHRSCHIENE URT 150;1.6;0.9;0.86;20.6;24;8
104791;ALU-FAHRSCHIENE URT 200;2.1;0.9;0.86;27.3;25;8
104797;ALU-FAHRSCHIENE URT 300;3.1;0.9;0.86;40.5;25;8
111872;GELENKECKE MXGA 270;2.7;0.9;0.86;41.8;25;8
112726;INNENECKE MXI  60 X 60;1.21;1.21;0.85;45.4;5;8
112778;AUSSENECKE MXA 60 X 35;1.2;0.94;0.73;37.4;5;8
112837;AUSSENECKE MXA 60 X 45;1.21;1.15;0.82;42.8;5;8
115307;INNENECKE MXI 90 X 50/20;0.9;1;0.78;37;1;8
115299;INNENECKE MXI 120 X 50/20;1.2;1;0.78;48.9;1;8
103993;STUETZENSEGMENT HDSS 210;2.14;0.9;0.86;63.5;25;8
115255;INNENECKE MXI 270 X 50/20;2.7;1;0.74;103;1;8
37270;RAPID-SAEULENRAHMEN  60 ALU;1.23;0.84;0.88;16.8;5;8
109923;QUATTRO-ELEMENT QES  50;1.2;0.9;0.78;32.3;5;8
26652;FALTKONSOLE FB 180-3, KOMPLETT;2.2;0.9;0.85;81.4;22;8
66000;DOMINO-ELEMENT     D   300X100;3;1;1.03;102;1;8
66002;DOMINO-ELEMENT     D   300X 75;3;0.75;1.03;83.1;1;8
66020;DOMINO-ELEMENT     D   250X100;250;100;104;87.7;1;8
54324;TRIO-ELEMENT      TR/4 330X 90;330;90;106;140;1;8
22514;TRIO-ELEMENT      TR 120X240;240;120;106;163;1;8
54314;TRIO-ELEMENT      TR/4 330X120;330;120;106;195;1;8
124498;DOMINO-ELEMENT D 150X100;150;100;104;55;1;8
105724;DOMINO-ELEMENT     D   275X100;275;100;104;95.4;1;8
111103;GERUESTTREPPE UAS 75X150/100;2.3;0.95;1.15;17.9;32;7
111124;GERUESTTREPPE UAS 75X300/200;3.8;1.15;1.15;32.9;32;6
54354;TRIO-ELEMENT      TR/4 330X 60;330;60;106;107;1;8
111117;GERUESTTREPPE UAS 75X250/200;3.5;1.15;1.15;28;32;6
54334;TRIO-ELEMENT      TR/4 330X 72;300;72;106;119;1;8
111095;GERUESTTREPPE UAS 75X150/ 50 S;1.62;1.01;1.15;17.5;32;5
54344;MEHRZWECKELEM. TRM/4 330X 72;3.3;0.72;1.06;133;1;8
111087;GERUESTTREPPE UAS 75X150/ 50 T;1.57;1.08;1.15;17.5;32;5
110326;GELAENDER     GF  100;1.8;1.07;1.14;7.15;31;14
124504;DOMINO-ELEMENT D 150X75;1.5;0.75;1.04;44.8;1;8
124538;DOMINO-M-ELEMENT DM 150X75;1.5;0.75;1.07;50.3;1;8
51430;SCHIEBELUKE;1.2;0.9;0.92;37.9;5;7
103434;PALETTE RP 80X120/2, VERZ.;1.4;1.2;2.4;33.4;1;7
103429;PALETTE RP 80X150/2, VERZ.;1.6;1.2;2.4;40.3;1;7
66029;DOMINO-GELENKECKE  DGE 250;2.5;0.9;0.86;40.6;25;6
66047;DOMINO-GELENKECKE  DGE 125;1.25;0.9;0.86;21.3;24;6
57055;NACHLAUFBUEHNENST. 2350 ACS-G;2.75;0.9;0.86;113;25;6
57056;NACHLAUFBUEHNENST. 3300 ACS-G;3.5;0.9;0.86;150.1;25;6
109717;ZWISCHENBÜHNENTRÄGER RCS 241;2.6;0.95;0.86;59.3;25;6
105523;TRIO-SCHACHTELEMENT TSE 270;2.95;1;0.86;127;25;6
105524;TRIO-SCHACHTELEMENT TSE 120;1.45;1;0.86;72.6;24;6
113228;GERUESTTREPPE UAS 75X75/50;1.24;0.84;0.97;10.1;12;6
65066;STIRNGELAENDER 55;1.55;0.9;0.86;15.1;24;6
727032;SCHRUMPFFOLIE 175MY 1250X850MM;1.2;0.9;0.85;0.65;7;4
66009;DOMINO-GELENKECKE  DGE 300;3;0.89;0.85;47.8;25;6
57018;STEHERZWISCHENSTUECK  600 ACS;1.24;0.84;0.97;109.5;12;6
10200;INNENECK-RIEGEL IRZ 75/75;1.24;0.84;0.97;42.3;12;6
124605;DOMINO-GELENKECKE DGE 150;1.5;0.9;0.85;24.3;24;6
105525;TRIO-SCHACHTELEMENT TSE 330;3.6;1;0.85;142;23;6
51450;RUECKENSCHUTZ 150;1.76;0.9;0.086;25.2;24;5
112006;MAXIMO-ELEMENT MX 270X240 -/-;2.75;2.45;0.8;336;1;5
112022;MAXIMO-ELEMENT MX 270X120;2.75;1.25;0.9;186;1;5
112045;MAXIMO-ELEMENT MX 270X 90;2.75;0.95;0.8;135;1;5
112078;MAXIMO-ELEMENT MX 270X 45;2.75;0.5;0.8;77.6;1;5
112104;MAXIMO-ELEMENT MX 120X240;2.45;1.25;0.8;166;1;5
112115;MAXIMO-ELEMENT MX  90X240;2.45;0.95;0.8;121;1;5
112126;MAXIMO-ELEMENT MX  60X240;2.45;0.65;0.8;88.1;1;5
112143;MAXIMO-ELEMENT MX 120X120;1.25;1.25;0.8;90.7;1;5
112152;MAXIMO-ELEMENT MX 120X 90;1.25;0.95;0.8;67.7;1;5
112200;MAXIMO-ELEMENT MX 270X 60;2.75;0.65;0.8;104;1;5
112221;MAXIMO-ELEMENT MX 120X 60;1.25;0.65;0.8;51.2;1;5
112232;MAXIMO-ELEMENT MX 120X 45;1.25;0.5;0.8;37.1;1;5
112252;MAXIMO-ELEMENT MX  90X 90;0.96;0.96;0.8;48.9;1;5
112259;MAXIMO-ELEMENT MX  90X 60;0.96;0.65;0.8;36.6;1;5
112265;MAXIMO-ELEMENT MX  90X 45;0.96;0.51;0.8;31.2;1;5
112849;MEHRZWECKELEMENT MXM 270X60;2.75;0.65;0.8;108;1;5
112850;MEHRZWECKELEMENT MXM 120X60;1.25;0.65;0.8;53;1;5
114248;MAXIMO-ELEMENT MX 330X120;3.35;1.25;0.8;226;1;5
114258;MAXIMO-ELEMENT MX 330X 90;3.35;0.95;0.8;172;1;5
114426;MAXIMO-ELEMENT MX 330X240 -/-;3.35;2.45;0.8;408;1;5
114445;MAXIMO-ELEMENT MX 330X 60;3.35;0.65;0.8;118;1;5
114452;MAXIMO-ELEMENT MX 330X 45;3.35;0.5;0.8;99.9;1;5
114464;MEHRZWECKELEMENT MXM 330X60;3.35;0.65;0.8;142;1;5
22570;TRIO-ELEMENT -/-  TR 270X240;2.7;2.4;0.6;329;1;5
100737;GERUESTTREPPE UAS 250/200;3.45;1.04;0.86;25;25;5
100738;GERUESTTREPPE UAS 300/200;3.8;1.48;0.86;29.3;25;5
103800;RICHTSTUETZE RS 1400, VERZ.;6.4;1.2;0.4;271;1;5
25700;STUETZBOCK SB-A;3.2;2.3;1.15;324;1;5
27510;STUETZBOCK SB 2-590;4.8;2.7;1.07;364;1;5
25690;STUETZBOCK SB-A0;4.2;2.3;1.15;412;1;5
104132;RUECKENSCHUTZ 75;1.24;0.84;0.97;15.6;12;5
37410;BETONIERPODEST, GEPULVERT;1.54;1.54;0.88;51.4;5;5
25710;STUETZBOCK SB-B;3.25;2.15;1.15;276;1;5
54304;TRIO-ELEMENT -/-  TR/4 330X240;330;240;60;398;1;5
124132;ELEMENT MX18 270X240;275;245;81;336;29;5
124093;ELEMENT MX18 330X240;335;245;81;408;29;5
124134;ELEMENT MX18 270X120;275;125;81;186;29;5
124142;ELEMENT MX18 120X120;124;124;81;90.7;29;5
124139;ELEMENT MX18 120X240;245;123;81;166;29;5
124144;ELEMENT MX18 120X60;1.25;0.65;0.81;51.2;29;5
124138;ELEMENT MX18 270X90;2.75;0.95;0.81;135;29;5
124135;ELEMENT MX18 270X60;2.74;0.65;0.81;104;29;5
124143;ELEMENT MX18 120X90;1.25;0.95;0.81;67.7;29;5
124188;MEHRZWECKELEMENT MXM18 270X60;2.74;0.65;0.81;109;29;5
124189;MEHRZWECKELEMENT MXM18 120X60;1.24;0.65;0.81;54.3;29;5
51710;VERTIKALSTREBE ACS;2.85;1.1;0.86;83.5;25;4
51721;NACHLAUFBÜHNENTRÄGER 360 ACS;2.05;1.38;0.86;54.7;25;4
114470;INNENECKE MXI 330 X 60;3.3;1.2;0.81;206;1;4
114478;AUSSENECKE MXA 330 X 45;3.3;1.14;0.77;192;1;4
114486;AUSSENECKE MXA 330 X 35;3.3;0.94;0.67;170;1;4
114583;GELENKECKE MXGI 330;3.3;0.9;0.86;89.8;25;4
115338;INNENECKE MXI 330 X 50/20;3.3;1.01;0.73;136;1;4
117913;SCHACHTECKE MX 330;3.45;1.2;0.81;386;1;4
112689;INNENECKE MXI 120 X 60;1.21;1.21;0.8;80.5;1;4
112715;INNENECKE MXI  90 X 60;1.21;0.91;0.87;68.1;5;4
112761;AUSSENECKE MXA 120 X 35;1.21;0.95;0.67;67.2;1;4
112830;AUSSENECKE MXA 120 X 45;1.21;1.15;0.78;76.1;5;4
113203;GELENKECKE MXGI 270;2.7;0.9;0.86;70;25;4
113246;GELENKECKE MXGI 120;1.2;0.9;0.86;31.5;24;4
117915;SCHACHTECKE MX 120;1.33;1.2;0.82;139;1;4
117465;KOPFSPINDEL VST 100;1.24;0.84;0.97;173;12;4
111603;DOMINO-SCHACHTELEMENT DSE 275;2.83;0.9;0.86;148;25;4
111655;DOMINO-SCHACHTELEMENT DSE 125;1.33;0.9;0.86;77.1;24;4
112419;INNENECKE MXI 270 X 60;2.7;1.2;0.8;156;1;4
112667;AUSSENECKE MXA 270X35;2.7;0.94;0.67;141;1;4
112806;AUSSENECKE MXA 270 X 45;2.7;1.14;0.77;159;1;4
117914;SCHACHTECKE MX 270;2.83;1.2;0.8;291;1;4
37250;RAPID-SAEULENRAHMEN 300 ALU;3;0.74;0.94;61.8;1;4
37260;RAPID-SAEULENRAHMEN 210 ALU;2.1;0.74;0.94;45.2;1;4
103243;QUATTRO-ELEMENT INCH QE 125;1.33;0.84;0.64;71;1;4
111866;AUFHAENGESCHUH SB, DOPPEL;1.24;0.84;0.97;64.6;12;4
118730;QUERBALKENEINHEIT SCS 190;1.95;1.05;0.85;96.8;24;4
37400;BETONIERPLATTFORM, KOMPLETT;1.55;1.55;1.2;123;5;4
112840;STREBE L=400-700 VARIOKIT;4.15;0.9;0.85;239;25;4
45210;RUNDSAEULENPLATTFORM 25/ 70;1.56;1.5;1.4;135;5;4
109924;QUATTRO-ELEMENT QES 125;1.33;0.86;0.64;73.8;1;4
109926;QUATTRO-ELEMENT QES 350;3.6;0.9;0.65;206;1;4
109925;QUATTRO-ELEMENT QES 275;2.83;0.85;0.73;158;1;4
51703;QUERBALKEN ACS;2.9;0.9;0.86;204;25;3
57058;GALGEN 3325 ACS-G;3.35;1.05;0.64;486.4;1;3
118094;QUERBALKENEINHEIT RCS220 VARIO;2.45;0.9;0.85;159;25;3
109716;QUERBALKEN RCS 220;230;90;85;107;27;3
57000;QUERBALKEN 1400 EINFACH ACS-P;1.3;1.5;0.86;263;24;2
57006;QUERBALKEN 2300 EINFACH ACS-P;2.37;1.28;0.86;400;24;2
57012;QUERBALKEN 3500 DOPPELT ACS-P;3.6;1.28;0.86;613;24;2
57060;QUERBALKENENDSTUECK ACS-P;1.6;1.28;0.86;298;24;2
109766;HYDR.AGGR. RCS 4x190/380-460V;131;80;151;109;14;2
113474;WAELZWAGEN 650 KN, LENKBAR;1.1;0.6;0.53;196;14;1
101862;UMSETZGABEL 1T / 5.0M;3.4;2;0.85;571;22;1
57010;QUERBALKEN 2900 DOPPELT ACS-P;3;0.9;0.85;522;23;1
57016;STEHERKOPFSTUECK 2100 ACS;2.1;0.9;0.85;307.1;23;1
115865;UMSETZGABEL 1,5T/8,0M/6,6M;7.65;2.3;1;1840;18;1
103212;UMSETZGABEL 1,75T/8,0M KOMPL.;4.65;2.3;1.05;1610;18;1
19200;HUB-U.FAHRGERAET M.WINDE;1.3;1.85;1.15;162;18;1
26648;FALTBUEHNE FB 180-3/300;2.98;2.04;0.42;311;18;1
28710;TISCHUMSETZWAGEN 2T, L=200;3.45;1.31;1.52;433;18;1
112230;UMSETZGABEL 1,25T/6,0M;4.23;2.37;0.97;32.4;27;1
102031;AUSSCHALWAGEN ASW 465;1.35;1.1;1.14;363;33;1
35500;AUSSCHALWAGEN;195;100;70;72.8;9;1
28715;TISCHUMSETZWAGEN 2T, L=170;310;130;160;428;18;1
